Sample_ID,Attack_Type,Attack_Confidence,Dst_Port
1,DoS,1.0,80
2,FTP-BruteForce,0.9848005294770812,21
3,DoS,0.6937027060776194,21
4,DoS,1.0,80
5,FTP-BruteForce,0.8767828134146848,21
6,FTP-BruteForce,0.9848005294770812,21
7,FTP-BruteForce,0.6620850903051848,21
8,FTP-BruteForce,0.5297378797511512,21
9,FTP-BruteForce,0.6620850903051848,21
10,DoS,1.0,80
11,DoS,0.6937027060776194,21
12,DoS,0.6937027060776194,21
13,FTP-BruteForce,0.6620850903051848,21
14,FTP-BruteForce,0.9848005294770812,21
15,FTP-BruteForce,0.9848005294770812,21
16,DoS,1.0,80
17,FTP-BruteForce,0.9624669911664534,21
18,DoS,1.0,80
19,FTP-BruteForce,0.6620850903051848,21
20,FTP-BruteForce,0.9848005294770812,21
21,DoS,1.0,80
22,FTP-BruteForce,0.6620850903051848,21
23,FTP-BruteForce,0.9848005294770812,21
24,FTP-BruteForce,0.6620850903051848,21
25,FTP-BruteForce,0.9848005294770812,21
26,DoS,1.0,80
27,FTP-BruteForce,0.6620850903051848,21
28,FTP-BruteForce,0.9848005294770812,21
29,FTP-BruteForce,0.6620850903051848,21
30,DoS,0.6937027060776194,21
31,DoS,1.0,80
32,FTP-BruteForce,0.6620850903051848,21
33,DoS,1.0,80
34,FTP-BruteForce,0.9848005294770812,21
35,FTP-BruteForce,0.6620850903051848,21
36,FTP-BruteForce,0.6620850903051848,21
37,DoS,0.6937027060776194,21
38,DoS,1.0,80
39,DoS,0.6937027060776194,21
40,DoS,1.0,80
41,FTP-BruteForce,0.6620850903051848,21
42,DoS,1.0,80
43,DoS,1.0,80
44,DoS,1.0,80
45,DoS,1.0,80
46,FTP-BruteForce,0.6620850903051848,21
47,FTP-BruteForce,0.9848005294770812,21
48,DoS,1.0,80
49,FTP-BruteForce,0.9848005294770812,21
50,FTP-BruteForce,0.6620850903051848,21
51,DoS,1.0,80
52,FTP-BruteForce,0.5297378797511512,21
53,FTP-BruteForce,0.6664258421908449,21
54,DoS,1.0,80
55,FTP-BruteForce,0.6620850903051848,21
56,DoS,1.0,80
57,DoS,1.0,80
58,DoS,1.0,80
59,DoS,0.8053938258392956,21
60,DoS,0.6937027060776194,21
61,DoS,1.0,80
62,DoS,0.6937027060776194,21
63,DoS,0.6937027060776194,21
64,DoS,0.7835975292832481,21
65,FTP-BruteForce,0.6620850903051848,21
66,DoS,1.0,80
67,FTP-BruteForce,0.9751553966039818,21
68,DoS,1.0,80
69,FTP-BruteForce,0.6620850903051848,21
70,FTP-BruteForce,0.6620850903051848,21
71,DoS,1.0,80
72,FTP-BruteForce,0.6620850903051848,21
73,DoS,1.0,80
74,FTP-BruteForce,0.6620850903051848,21
75,FTP-BruteForce,0.6620850903051848,21
76,FTP-BruteForce,0.6664258421908449,21
77,DoS,0.6937027060776194,21
78,FTP-BruteForce,0.6620850903051848,21
79,DoS,1.0,80
80,FTP-BruteForce,0.9848005294770812,21
81,FTP-BruteForce,0.6620850903051848,21
82,DoS,1.0,80
83,DoS,1.0,80
84,FTP-BruteForce,0.9848005294770812,21
85,DoS,1.0,80
86,DoS,1.0,80
87,DoS,1.0,80
88,FTP-BruteForce,0.6620850903051848,21
89,FTP-BruteForce,0.6620850903051848,21
90,FTP-BruteForce,0.9848005294770812,21
91,FTP-BruteForce,0.6620850903051848,21
92,FTP-BruteForce,0.9848005294770812,21
93,DoS,1.0,80
94,FTP-BruteForce,0.6620850903051848,21
95,DoS,1.0,80
96,DoS,1.0,80
97,FTP-BruteForce,0.9848005294770812,21
98,FTP-BruteForce,0.9848005294770812,21
99,DoS,1.0,80
100,DoS,0.8263008454116811,21
101,DoS,1.0,80
102,DoS,1.0,80
103,DoS,1.0,80
104,FTP-BruteForce,0.5297378797511512,21
105,DoS,1.0,80
106,DoS,0.6937027060776194,21
107,FTP-BruteForce,0.6620850903051848,21
108,FTP-BruteForce,0.9848005294770812,21
109,FTP-BruteForce,0.6620850903051848,21
110,DoS,1.0,80
111,FTP-BruteForce,0.6620850903051848,21
112,DoS,0.6937027060776194,21
113,FTP-BruteForce,0.6620850903051848,21
114,DoS,1.0,80
115,FTP-BruteForce,0.9848005294770812,21
116,DoS,0.6937027060776194,21
117,DoS,0.6937027060776194,21
118,DoS,1.0,80
119,FTP-BruteForce,0.6620850903051848,21
120,FTP-BruteForce,0.6620850903051848,21
121,FTP-BruteForce,0.9848005294770812,21
122,DoS,0.7148787450416494,21
123,FTP-BruteForce,0.6620850903051848,21
124,DoS,1.0,80
125,FTP-BruteForce,0.6620850903051848,21
126,FTP-BruteForce,0.9848005294770812,21
127,FTP-BruteForce,0.9500542703858259,21
128,DoS,1.0,80
129,DoS,1.0,80
130,DoS,1.0,80
131,DoS,1.0,80
132,FTP-BruteForce,0.6620850903051848,21
133,DoS,1.0,80
134,DoS,1.0,80
135,DoS,1.0,80
136,DoS,0.6937027060776194,21
137,DoS,0.8263008454116811,21
138,DoS,0.6937027060776194,21
139,FTP-BruteForce,0.6620850903051848,21
140,DoS,0.6937027060776194,21
141,DoS,1.0,80
142,DoS,0.8053938258392956,21
143,FTP-BruteForce,0.6620850903051848,21
144,FTP-BruteForce,0.9848005294770812,21
145,FTP-BruteForce,0.6620850903051848,21
146,DoS,0.713040536400178,21
147,DoS,1.0,80
148,DoS,1.0,80
149,FTP-BruteForce,0.6620850903051848,21
150,DoS,1.0,80
151,FTP-BruteForce,0.6620850903051848,21
152,DoS,1.0,80
153,FTP-BruteForce,0.6620850903051848,21
154,FTP-BruteForce,0.6620850903051848,21
155,FTP-BruteForce,0.6620850903051848,21
156,DoS,0.6937027060776194,21
157,DoS,0.7835975292832481,21
158,FTP-BruteForce,0.6620850903051848,21
159,FTP-BruteForce,0.6620850903051848,21
160,DoS,1.0,80
161,FTP-BruteForce,0.6620850903051848,21
162,FTP-BruteForce,0.6620850903051848,21
163,FTP-BruteForce,0.6664258421908449,21
164,DoS,1.0,80
165,FTP-BruteForce,0.9848005294770812,21
166,FTP-BruteForce,0.5297378797511512,21
167,DoS,1.0,80
168,FTP-BruteForce,0.6620850903051848,21
169,FTP-BruteForce,0.6620850903051848,21
170,FTP-BruteForce,0.9848005294770812,21
171,DoS,0.6937027060776194,21
172,DoS,1.0,80
173,FTP-BruteForce,0.9848005294770812,21
174,DoS,0.7835975292832481,21
175,FTP-BruteForce,0.6620850903051848,21
176,DoS,0.6937027060776194,21
177,FTP-BruteForce,0.8729775638712751,21
178,FTP-BruteForce,0.9500542703858259,21
179,DoS,0.6937027060776194,21
180,FTP-BruteForce,0.6620850903051848,21
181,FTP-BruteForce,0.6620850903051848,21
182,DoS,0.6937027060776194,21
183,DoS,1.0,80
184,FTP-BruteForce,0.506456180803433,21
185,DoS,0.7148787450416494,21
186,FTP-BruteForce,0.9848005294770812,21
187,FTP-BruteForce,0.9751553966039818,21
188,DoS,1.0,80
189,FTP-BruteForce,0.6620850903051848,21
190,DoS,0.6937027060776194,21
191,DoS,0.6937027060776194,21
192,FTP-BruteForce,0.6620850903051848,21
193,FTP-BruteForce,0.9848005294770812,21
194,DoS,0.6937027060776194,21
195,DoS,1.0,80
196,FTP-BruteForce,0.9500542703858259,21
197,DoS,0.6937027060776194,21
198,DoS,1.0,80
199,FTP-BruteForce,0.6620850903051848,21
200,DoS,1.0,80
201,DoS,1.0,80
202,FTP-BruteForce,0.6620850903051848,21
203,FTP-BruteForce,0.6620850903051848,21
204,FTP-BruteForce,0.6620850903051848,21
205,FTP-BruteForce,0.6620850903051848,21
206,DoS,1.0,80
207,DoS,1.0,80
208,DoS,0.6937027060776194,21
209,FTP-BruteForce,0.6620850903051848,21
210,Benign,1.0,0
211,FTP-BruteForce,0.9751553966039818,21
212,FTP-BruteForce,0.6620850903051848,21
213,DoS,1.0,80
214,DoS,1.0,80
215,FTP-BruteForce,0.6620850903051848,21
216,FTP-BruteForce,0.6620850903051848,21
217,FTP-BruteForce,0.6620850903051848,21
218,DoS,1.0,80
219,DoS,0.98,80
220,FTP-BruteForce,0.9500542703858259,21
221,FTP-BruteForce,0.6620850903051848,21
222,DoS,1.0,80
223,DoS,1.0,80
224,DoS,0.6937027060776194,21
225,FTP-BruteForce,0.6620850903051848,21
226,FTP-BruteForce,0.6620850903051848,21
227,DoS,1.0,80
228,FTP-BruteForce,0.6620850903051848,21
229,DoS,1.0,80
230,FTP-BruteForce,0.9848005294770812,21
231,DoS,0.98,80
232,DoS,1.0,80
233,FTP-BruteForce,0.6620850903051848,21
234,FTP-BruteForce,0.6620850903051848,21
235,DoS,0.7985389314745673,21
236,DoS,0.8263008454116811,21
237,DoS,0.6937027060776194,21
238,FTP-BruteForce,0.6620850903051848,21
239,FTP-BruteForce,0.6664258421908449,21
240,DoS,1.0,80
241,DoS,0.6937027060776194,21
242,DoS,1.0,80
243,DoS,0.6937027060776194,21
244,FTP-BruteForce,0.9751553966039818,21
245,DoS,1.0,80
246,DoS,1.0,80
247,FTP-BruteForce,0.6620850903051848,21
248,Benign,0.98,22
249,DoS,1.0,80
250,FTP-BruteForce,0.6620850903051848,21
251,FTP-BruteForce,0.6620850903051848,21
252,DoS,1.0,80
253,DoS,1.0,80
254,DoS,1.0,80
255,DoS,1.0,80
256,FTP-BruteForce,0.6620850903051848,21
257,DoS,1.0,80
258,DoS,1.0,80
259,FTP-BruteForce,0.6620850903051848,21
260,DoS,1.0,80
261,Benign,1.0,0
262,DoS,0.6937027060776194,21
263,FTP-BruteForce,0.6620850903051848,21
264,DoS,1.0,80
265,DoS,1.0,80
266,FTP-BruteForce,0.5597865521285006,21
267,FTP-BruteForce,0.9848005294770812,21
268,DoS,1.0,80
269,FTP-BruteForce,0.9848005294770812,21
270,FTP-BruteForce,0.6620850903051848,21
271,DoS,1.0,80
272,DoS,1.0,80
273,FTP-BruteForce,0.9848005294770812,21
274,FTP-BruteForce,0.9848005294770812,21
275,DoS,1.0,80
276,DoS,1.0,80
277,DoS,1.0,80
278,DoS,1.0,80
279,DoS,0.6937027060776194,21
280,DoS,1.0,80
281,FTP-BruteForce,0.6620850903051848,21
282,DoS,1.0,80
283,FTP-BruteForce,0.9848005294770812,21
284,DoS,1.0,80
285,DoS,1.0,80
286,FTP-BruteForce,0.9500542703858259,21
287,FTP-BruteForce,0.6620850903051848,21
288,FTP-BruteForce,0.6620850903051848,21
289,DoS,1.0,80
290,FTP-BruteForce,0.6620850903051848,21
291,DoS,0.7673176396924793,21
292,FTP-BruteForce,0.9848005294770812,21
293,FTP-BruteForce,0.6620850903051848,21
294,DoS,1.0,80
295,DoS,0.6937027060776194,21
296,FTP-BruteForce,0.9751553966039818,21
297,FTP-BruteForce,0.8767828134146848,21
298,FTP-BruteForce,0.9848005294770812,21
299,FTP-BruteForce,0.5597865521285006,21
300,DoS,1.0,80
301,DoS,1.0,80
302,FTP-BruteForce,0.5508909601383664,21
303,DoS,1.0,80
304,FTP-BruteForce,0.6620850903051848,21
305,DoS,1.0,80
306,FTP-BruteForce,0.9500542703858259,21
307,DoS,1.0,80
308,DoS,1.0,80
309,FTP-BruteForce,0.9848005294770812,21
310,FTP-BruteForce,0.6620850903051848,21
311,DoS,1.0,80
312,DoS,1.0,80
313,FTP-BruteForce,0.6620850903051848,21
314,DoS,1.0,80
315,DoS,0.6937027060776194,21
316,DoS,0.6937027060776194,21
317,FTP-BruteForce,0.9751553966039818,21
318,FTP-BruteForce,0.9848005294770812,21
319,FTP-BruteForce,0.9848005294770812,21
320,FTP-BruteForce,0.6620850903051848,21
321,FTP-BruteForce,0.7406538823713593,21
322,FTP-BruteForce,0.5297378797511512,21
323,DoS,1.0,80
324,FTP-BruteForce,0.5297378797511512,21
325,DoS,1.0,80
326,FTP-BruteForce,0.9848005294770812,21
327,FTP-BruteForce,0.6620850903051848,21
328,DoS,1.0,80
329,DoS,1.0,80
330,FTP-BruteForce,0.6620850903051848,21
331,FTP-BruteForce,0.6620850903051848,21
332,DoS,1.0,80
333,DoS,1.0,80
334,DoS,0.6937027060776194,21
335,DoS,0.6937027060776194,21
336,Benign,0.98,22
337,FTP-BruteForce,0.6620850903051848,21
338,FTP-BruteForce,0.9848005294770812,21
339,FTP-BruteForce,0.9848005294770812,21
340,DoS,0.6937027060776194,21
341,FTP-BruteForce,0.6620850903051848,21
342,FTP-BruteForce,0.5297378797511512,21
343,FTP-BruteForce,0.9848005294770812,21
344,DoS,1.0,80
345,FTP-BruteForce,0.6620850903051848,21
346,FTP-BruteForce,0.6620850903051848,21
347,FTP-BruteForce,0.6620850903051848,21
348,FTP-BruteForce,0.6620850903051848,21
349,FTP-BruteForce,0.9848005294770812,21
350,DoS,1.0,80
351,DoS,1.0,80
352,DoS,0.6937027060776194,21
353,DoS,1.0,80
354,DoS,1.0,80
355,FTP-BruteForce,0.8767828134146848,21
356,FTP-BruteForce,0.9848005294770812,21
357,DoS,1.0,80
358,DoS,1.0,80
359,DoS,0.921883874410459,21
360,DoS,1.0,80
361,DoS,0.6937027060776194,21
362,DoS,1.0,80
363,FTP-BruteForce,0.6620850903051848,21
364,DoS,1.0,80
365,DoS,0.713040536400178,21
366,FTP-BruteForce,0.6620850903051848,21
367,DoS,1.0,80
368,FTP-BruteForce,0.6620850903051848,21
369,DoS,1.0,80
370,DoS,1.0,80
371,FTP-BruteForce,0.5297378797511512,21
372,FTP-BruteForce,0.6664258421908449,21
373,DoS,1.0,80
374,FTP-BruteForce,0.6620850903051848,21
375,FTP-BruteForce,0.6620850903051848,21
376,Benign,0.88,35605
377,FTP-BruteForce,0.9848005294770812,21
378,FTP-BruteForce,0.6620850903051848,21
379,DoS,0.7835975292832481,21
380,DoS,0.6937027060776194,21
381,DoS,1.0,80
382,DoS,0.6937027060776194,21
383,FTP-BruteForce,0.6620850903051848,21
384,DoS,1.0,80
385,DoS,1.0,80
386,FTP-BruteForce,0.6620850903051848,21
387,FTP-BruteForce,0.9500542703858259,21
388,FTP-BruteForce,0.6620850903051848,21
389,FTP-BruteForce,0.6620850903051848,21
390,FTP-BruteForce,0.7187106943499296,21
391,Benign,1.0,22
392,FTP-BruteForce,0.6620850903051848,21
393,DoS,1.0,80
394,FTP-BruteForce,0.5297378797511512,21
395,DoS,1.0,80
396,FTP-BruteForce,0.6620850903051848,21
397,FTP-BruteForce,0.9848005294770812,21
398,DoS,1.0,80
399,DoS,1.0,80
400,FTP-BruteForce,0.6620850903051848,21
401,FTP-BruteForce,0.6620850903051848,21
402,DoS,0.7835975292832481,21
403,FTP-BruteForce,0.6620850903051848,21
404,DoS,1.0,80
405,DoS,0.6937027060776194,21
406,FTP-BruteForce,0.6620850903051848,21
407,FTP-BruteForce,0.9848005294770812,21
408,FTP-BruteForce,0.6620850903051848,21
409,FTP-BruteForce,0.6620850903051848,21
410,FTP-BruteForce,0.6620850903051848,21
411,DoS,1.0,80
412,DoS,0.6937027060776194,21
413,FTP-BruteForce,0.6620850903051848,21
414,FTP-BruteForce,0.6620850903051848,21
415,FTP-BruteForce,0.9848005294770812,21
416,DoS,1.0,80
417,DoS,1.0,80
418,Benign,1.0,22
419,FTP-BruteForce,0.9848005294770812,21
420,FTP-BruteForce,0.9848005294770812,21
421,DoS,1.0,80
422,FTP-BruteForce,0.6620850903051848,21
423,DoS,0.6937027060776194,21
424,DoS,0.6937027060776194,21
425,DoS,1.0,80
426,FTP-BruteForce,0.9848005294770812,21
427,DoS,0.7835975292832481,21
428,FTP-BruteForce,0.5297378797511512,21
429,DoS,1.0,80
430,FTP-BruteForce,0.5297378797511512,21
431,DoS,1.0,80
432,FTP-BruteForce,0.9751553966039818,21
433,DoS,0.6937027060776194,21
434,DoS,1.0,80
435,FTP-BruteForce,0.6620850903051848,21
436,FTP-BruteForce,0.6620850903051848,21
437,FTP-BruteForce,0.6620850903051848,21
438,FTP-BruteForce,0.9848005294770812,21
439,DoS,1.0,80
440,FTP-BruteForce,0.9848005294770812,21
441,FTP-BruteForce,0.9848005294770812,21
442,FTP-BruteForce,0.9848005294770812,21
443,FTP-BruteForce,0.9848005294770812,21
444,FTP-BruteForce,0.9848005294770812,21
445,FTP-BruteForce,0.932207067852074,21
446,DoS,0.7835975292832481,21
447,FTP-BruteForce,0.9848005294770812,21
448,FTP-BruteForce,0.6620850903051848,21
449,FTP-BruteForce,0.6620850903051848,21
450,DoS,0.6937027060776194,21
451,DoS,0.6937027060776194,21
452,DoS,1.0,80
453,DoS,1.0,80
454,FTP-BruteForce,0.6620850903051848,21
455,FTP-BruteForce,0.6620850903051848,21
456,DoS,1.0,80
457,DoS,1.0,80
458,DoS,1.0,80
459,DoS,0.6937027060776194,21
460,FTP-BruteForce,0.9848005294770812,21
461,FTP-BruteForce,0.9500542703858259,21
462,FTP-BruteForce,0.5297378797511512,21
463,DoS,0.6937027060776194,21
464,DoS,1.0,80
465,FTP-BruteForce,0.9848005294770812,21
466,FTP-BruteForce,0.6620850903051848,21
467,Benign,1.0,80
468,DoS,1.0,80
469,DoS,0.6937027060776194,21
470,FTP-BruteForce,0.6620850903051848,21
471,FTP-BruteForce,0.6620850903051848,21
472,DoS,1.0,80
473,DoS,0.6937027060776194,21
474,DoS,1.0,80
475,DoS,1.0,80
476,DoS,0.6937027060776194,21
477,DoS,1.0,80
478,DoS,1.0,80
479,DoS,0.7835975292832481,21
480,DoS,0.6937027060776194,21
481,DoS,1.0,80
482,FTP-BruteForce,0.6620850903051848,21
483,FTP-BruteForce,0.6620850903051848,21
484,DoS,1.0,80
485,FTP-BruteForce,0.6620850903051848,21
486,FTP-BruteForce,0.6620850903051848,21
487,DoS,1.0,80
488,DoS,1.0,80
489,FTP-BruteForce,0.9500542703858259,21
490,DoS,1.0,80
491,DoS,1.0,80
492,FTP-BruteForce,0.6620850903051848,21
493,FTP-BruteForce,0.5297378797511512,21
494,DoS,0.6937027060776194,21
495,DoS,0.6937027060776194,21
496,DoS,0.6937027060776194,21
497,FTP-BruteForce,0.6620850903051848,21
498,FTP-BruteForce,0.6664258421908449,21
499,FTP-BruteForce,0.6620850903051848,21
500,DoS,1.0,80
501,DoS,1.0,80
502,FTP-BruteForce,0.6620850903051848,21
503,FTP-BruteForce,0.6620850903051848,21
504,DoS,1.0,80
505,DoS,1.0,80
506,DoS,1.0,80
507,FTP-BruteForce,0.6620850903051848,21
508,FTP-BruteForce,0.6620850903051848,21
509,FTP-BruteForce,0.6620850903051848,21
510,DoS,0.6937027060776194,21
511,DoS,0.6937027060776194,21
512,DoS,1.0,80
513,FTP-BruteForce,0.9848005294770812,21
514,DoS,1.0,80
515,DoS,1.0,80
516,DoS,1.0,80
517,DoS,0.8263008454116811,21
518,FTP-BruteForce,0.9848005294770812,21
519,FTP-BruteForce,0.6620850903051848,21
520,DoS,1.0,80
521,FTP-BruteForce,0.6620850903051848,21
522,DoS,0.6937027060776194,21
523,DoS,1.0,80
524,DoS,0.6937027060776194,21
525,FTP-BruteForce,0.6620850903051848,21
526,FTP-BruteForce,0.9848005294770812,21
527,DoS,0.6937027060776194,21
528,FTP-BruteForce,0.6620850903051848,21
529,FTP-BruteForce,0.6620850903051848,21
530,DoS,0.6937027060776194,21
531,FTP-BruteForce,0.5297378797511512,21
532,DoS,1.0,80
533,FTP-BruteForce,0.932207067852074,21
534,FTP-BruteForce,0.6620850903051848,21
535,FTP-BruteForce,0.6620850903051848,21
536,FTP-BruteForce,0.9848005294770812,21
537,FTP-BruteForce,0.6620850903051848,21
538,FTP-BruteForce,0.9848005294770812,21
539,DoS,0.6937027060776194,21
540,DoS,1.0,80
541,DoS,0.6937027060776194,21
542,FTP-BruteForce,0.9848005294770812,21
543,FTP-BruteForce,0.9848005294770812,21
544,FTP-BruteForce,0.6620850903051848,21
545,DoS,1.0,80
546,FTP-BruteForce,0.6620850903051848,21
547,DoS,1.0,80
548,FTP-BruteForce,0.6620850903051848,21
549,DoS,1.0,80
550,FTP-BruteForce,0.9848005294770812,21
551,DoS,0.6937027060776194,21
552,FTP-BruteForce,0.9848005294770812,21
553,FTP-BruteForce,0.6620850903051848,21
554,FTP-BruteForce,0.6620850903051848,21
555,DoS,0.921883874410459,21
556,FTP-BruteForce,0.6620850903051848,21
557,FTP-BruteForce,0.9848005294770812,21
558,DoS,0.6937027060776194,21
559,Benign,1.0,0
560,DoS,1.0,80
561,FTP-BruteForce,0.6620850903051848,21
562,DoS,1.0,80
563,FTP-BruteForce,0.6620850903051848,21
564,DoS,1.0,80
565,FTP-BruteForce,0.6620850903051848,21
566,DoS,0.6937027060776194,21
567,FTP-BruteForce,0.6620850903051848,21
568,FTP-BruteForce,0.6620850903051848,21
569,DoS,1.0,80
570,FTP-BruteForce,0.9848005294770812,21
571,DoS,1.0,80
572,FTP-BruteForce,0.6620850903051848,21
573,DoS,1.0,80
574,DoS,1.0,80
575,FTP-BruteForce,0.9848005294770812,21
576,DoS,0.6937027060776194,21
577,DoS,0.8263008454116811,21
578,FTP-BruteForce,0.6620850903051848,21
579,Benign,1.0,22
580,FTP-BruteForce,0.9848005294770812,21
581,FTP-BruteForce,0.6620850903051848,21
582,DoS,1.0,80
583,DoS,1.0,80
584,FTP-BruteForce,0.9848005294770812,21
585,DoS,0.6937027060776194,21
586,FTP-BruteForce,0.9848005294770812,21
587,FTP-BruteForce,0.6620850903051848,21
588,FTP-BruteForce,0.9751553966039818,21
589,FTP-BruteForce,0.9751553966039818,21
590,FTP-BruteForce,0.6620850903051848,21
591,DoS,0.6937027060776194,21
592,DoS,0.6937027060776194,21
593,FTP-BruteForce,0.6620850903051848,21
594,FTP-BruteForce,0.9848005294770812,21
595,DoS,0.6937027060776194,21
596,DoS,0.6937027060776194,21
597,DoS,1.0,80
598,DoS,1.0,80
599,FTP-BruteForce,0.5597865521285006,21
600,DoS,0.6937027060776194,21
601,FTP-BruteForce,0.6620850903051848,21
602,FTP-BruteForce,0.6620850903051848,21
603,DoS,0.6937027060776194,21
604,FTP-BruteForce,0.6620850903051848,21
605,DoS,0.6937027060776194,21
606,FTP-BruteForce,0.9848005294770812,21
607,DoS,1.0,80
608,DoS,1.0,80
609,DoS,1.0,80
610,Benign,1.0,0
611,FTP-BruteForce,0.932207067852074,21
612,DoS,0.6937027060776194,21
613,FTP-BruteForce,0.6620850903051848,21
614,FTP-BruteForce,0.6620850903051848,21
615,FTP-BruteForce,0.6620850903051848,21
616,DoS,1.0,80
617,DoS,1.0,80
618,FTP-BruteForce,0.6620850903051848,21
619,FTP-BruteForce,0.6620850903051848,21
620,DoS,1.0,80
621,FTP-BruteForce,0.9848005294770812,21
622,FTP-BruteForce,0.9848005294770812,21
623,FTP-BruteForce,0.5297378797511512,21
624,DoS,1.0,80
625,DoS,1.0,80
626,FTP-BruteForce,0.9848005294770812,21
627,DoS,1.0,80
628,DoS,1.0,80
629,FTP-BruteForce,0.5508909601383664,21
630,FTP-BruteForce,0.6620850903051848,21
631,FTP-BruteForce,0.9848005294770812,21
632,FTP-BruteForce,0.9848005294770812,21
633,Benign,1.0,80
634,DoS,1.0,80
635,DoS,1.0,80
636,FTP-BruteForce,0.6620850903051848,21
637,DoS,0.7985389314745673,21
638,FTP-BruteForce,0.6620850903051848,21
639,DoS,1.0,80
640,FTP-BruteForce,0.6620850903051848,21
641,DoS,0.6937027060776194,21
642,FTP-BruteForce,0.9500542703858259,21
643,FTP-BruteForce,0.9848005294770812,21
644,DoS,1.0,80
645,DoS,1.0,80
646,DoS,0.6937027060776194,21
647,DoS,0.6937027060776194,21
648,DoS,1.0,80
649,FTP-BruteForce,0.6620850903051848,21
650,DoS,0.6937027060776194,21
651,FTP-BruteForce,0.6620850903051848,21
652,DoS,1.0,80
653,DoS,0.7356568291616375,21
654,DoS,1.0,80
655,FTP-BruteForce,0.9848005294770812,21
656,FTP-BruteForce,0.6620850903051848,21
657,DoS,1.0,80
658,FTP-BruteForce,0.9848005294770812,21
659,DoS,1.0,80
660,FTP-BruteForce,0.6620850903051848,21
661,FTP-BruteForce,0.9848005294770812,21
662,FTP-BruteForce,0.9848005294770812,21
663,FTP-BruteForce,0.9848005294770812,21
664,FTP-BruteForce,0.6620850903051848,21
665,DoS,1.0,80
666,DoS,1.0,80
667,DoS,1.0,80
668,DoS,0.6937027060776194,21
669,FTP-BruteForce,0.6620850903051848,21
670,DoS,1.0,80
671,DoS,1.0,80
672,FTP-BruteForce,0.6620850903051848,21
673,DoS,1.0,80
674,FTP-BruteForce,0.6620850903051848,21
675,DoS,1.0,80
676,DoS,0.6937027060776194,21
677,FTP-BruteForce,0.6620850903051848,21
678,DoS,1.0,80
679,DoS,0.6937027060776194,21
680,DoS,1.0,80
681,FTP-BruteForce,0.6620850903051848,21
682,DoS,0.6937027060776194,21
683,DoS,1.0,80
684,DoS,1.0,80
685,FTP-BruteForce,0.6620850903051848,21
686,FTP-BruteForce,0.6620850903051848,21
687,DoS,1.0,80
688,FTP-BruteForce,0.6620850903051848,21
689,FTP-BruteForce,0.5297378797511512,21
690,DoS,0.6937027060776194,21
691,FTP-BruteForce,0.9848005294770812,21
692,DoS,0.7835975292832481,21
693,DoS,1.0,80
694,DoS,1.0,80
695,DoS,0.7835975292832481,21
696,FTP-BruteForce,0.6620850903051848,21
697,DoS,0.6937027060776194,21
698,DoS,1.0,80
699,FTP-BruteForce,0.6620850903051848,21
700,DoS,0.7359295615602786,21
701,DoS,1.0,80
702,DoS,1.0,80
703,FTP-BruteForce,0.6620850903051848,21
704,DoS,0.6937027060776194,21
705,FTP-BruteForce,0.9848005294770812,21
706,FTP-BruteForce,0.6620850903051848,21
707,DoS,1.0,80
708,FTP-BruteForce,0.9848005294770812,21
709,DoS,0.7359295615602786,21
710,FTP-BruteForce,0.6620850903051848,21
711,DoS,1.0,80
712,DoS,0.6937027060776194,21
713,DoS,0.6937027060776194,21
714,DoS,1.0,80
715,DoS,1.0,80
716,FTP-BruteForce,0.9848005294770812,21
717,DoS,1.0,80
718,FTP-BruteForce,0.6620850903051848,21
719,DoS,1.0,80
720,DoS,0.8263008454116811,21
721,FTP-BruteForce,0.6620850903051848,21
722,FTP-BruteForce,0.6620850903051848,21
723,DoS,1.0,80
724,DoS,1.0,80
725,FTP-BruteForce,0.6620850903051848,21
726,FTP-BruteForce,0.6620850903051848,21
727,FTP-BruteForce,0.6620850903051848,21
728,DoS,0.921883874410459,21
729,FTP-BruteForce,0.9848005294770812,21
730,DoS,1.0,80
731,FTP-BruteForce,0.6620850903051848,21
732,FTP-BruteForce,0.6620850903051848,21
733,DoS,1.0,80
734,DoS,1.0,80
735,DoS,1.0,80
736,FTP-BruteForce,0.6051291219825602,21
737,FTP-BruteForce,0.9848005294770812,21
738,FTP-BruteForce,0.6620850903051848,21
739,FTP-BruteForce,0.6664258421908449,21
740,DoS,1.0,80
741,FTP-BruteForce,0.6620850903051848,21
742,FTP-BruteForce,0.6620850903051848,21
743,DoS,0.6937027060776194,21
744,FTP-BruteForce,0.9848005294770812,21
745,FTP-BruteForce,0.9848005294770812,21
746,DoS,1.0,80
747,DoS,1.0,80
748,FTP-BruteForce,0.6620850903051848,21
749,DoS,0.7835975292832481,21
750,DoS,0.6937027060776194,21
751,FTP-BruteForce,0.5297378797511512,21
752,FTP-BruteForce,0.6620850903051848,21
753,FTP-BruteForce,0.9848005294770812,21
754,DoS,0.7835975292832481,21
755,DoS,0.7985389314745673,21
756,FTP-BruteForce,0.6620850903051848,21
757,DoS,1.0,80
758,DoS,0.921883874410459,21
759,FTP-BruteForce,0.6620850903051848,21
760,FTP-BruteForce,0.6620850903051848,21
761,FTP-BruteForce,0.6620850903051848,21
762,DoS,1.0,80
763,FTP-BruteForce,0.6620850903051848,21
764,DoS,1.0,80
765,FTP-BruteForce,0.5508909601383664,21
766,DoS,0.6937027060776194,21
767,FTP-BruteForce,0.6620850903051848,21
768,DoS,1.0,80
769,DoS,0.6937027060776194,21
770,DoS,1.0,80
771,FTP-BruteForce,0.9848005294770812,21
772,FTP-BruteForce,0.9848005294770812,21
773,DoS,1.0,80
774,DoS,1.0,80
775,FTP-BruteForce,0.9848005294770812,21
776,FTP-BruteForce,0.6620850903051848,21
777,FTP-BruteForce,0.6620850903051848,21
778,FTP-BruteForce,0.9500542703858259,21
779,DoS,0.8263008454116811,21
780,DoS,0.6937027060776194,21
781,FTP-BruteForce,0.6620850903051848,21
782,DoS,1.0,80
783,FTP-BruteForce,0.9848005294770812,21
784,DoS,1.0,80
785,DoS,0.6937027060776194,21
786,DoS,1.0,80
787,FTP-BruteForce,0.6620850903051848,21
788,DoS,1.0,80
789,DoS,1.0,80
790,DoS,0.6937027060776194,21
791,DoS,0.6937027060776194,21
792,DoS,0.6937027060776194,21
793,DoS,1.0,80
794,DoS,1.0,80
795,FTP-BruteForce,0.6620850903051848,21
796,DoS,1.0,80
797,FTP-BruteForce,0.9848005294770812,21
798,DoS,0.6937027060776194,21
799,FTP-BruteForce,0.6620850903051848,21
800,FTP-BruteForce,0.6620850903051848,21
801,FTP-BruteForce,0.6620850903051848,21
802,FTP-BruteForce,0.6620850903051848,21
803,FTP-BruteForce,0.6620850903051848,21
804,DoS,0.6937027060776194,21
805,FTP-BruteForce,0.6620850903051848,21
806,DoS,0.6937027060776194,21
807,FTP-BruteForce,0.6620850903051848,21
808,FTP-BruteForce,0.6620850903051848,21
809,DoS,0.6937027060776194,21
810,FTP-BruteForce,0.6620850903051848,21
811,DoS,1.0,80
812,DoS,1.0,80
813,FTP-BruteForce,0.6620850903051848,21
814,FTP-BruteForce,0.6620850903051848,21
815,FTP-BruteForce,0.6620850903051848,21
816,FTP-BruteForce,0.9848005294770812,21
817,FTP-BruteForce,0.6620850903051848,21
818,DoS,0.6937027060776194,21
819,FTP-BruteForce,0.6620850903051848,21
820,FTP-BruteForce,0.6620850903051848,21
821,DoS,0.7094941497617983,21
822,FTP-BruteForce,0.9500542703858259,21
823,FTP-BruteForce,0.6664258421908449,21
824,DoS,0.6937027060776194,21
825,DoS,1.0,80
826,DoS,1.0,80
827,DoS,1.0,80
828,DoS,1.0,80
829,FTP-BruteForce,0.6620850903051848,21
830,FTP-BruteForce,0.9848005294770812,21
831,FTP-BruteForce,0.6620850903051848,21
832,FTP-BruteForce,0.6620850903051848,21
833,DoS,1.0,80
834,FTP-BruteForce,0.6620850903051848,21
835,FTP-BruteForce,0.9848005294770812,21
836,DoS,1.0,80
837,DoS,0.6937027060776194,21
838,DoS,1.0,80
839,DoS,1.0,80
840,FTP-BruteForce,0.9848005294770812,21
841,DoS,1.0,80
842,DoS,0.7094941497617983,21
843,FTP-BruteForce,0.9848005294770812,21
844,DoS,1.0,80
845,DoS,0.6937027060776194,21
846,FTP-BruteForce,0.9500542703858259,21
847,FTP-BruteForce,0.9848005294770812,21
848,DoS,1.0,80
849,FTP-BruteForce,0.6620850903051848,21
850,FTP-BruteForce,0.9848005294770812,21
851,DoS,0.8263008454116811,21
852,FTP-BruteForce,0.6620850903051848,21
853,FTP-BruteForce,0.6620850903051848,21
854,DoS,1.0,80
855,DoS,1.0,80
856,FTP-BruteForce,0.9848005294770812,21
857,FTP-BruteForce,0.6620850903051848,21
858,DoS,1.0,80
859,FTP-BruteForce,0.6620850903051848,21
860,DoS,0.6937027060776194,21
861,FTP-BruteForce,0.9500542703858259,21
862,FTP-BruteForce,0.6620850903051848,21
863,FTP-BruteForce,0.9848005294770812,21
864,DoS,1.0,80
865,DoS,0.6937027060776194,21
866,DoS,1.0,80
867,FTP-BruteForce,0.6620850903051848,21
868,DoS,1.0,80
869,DoS,1.0,80
870,DoS,1.0,80
871,DoS,1.0,80
872,DoS,0.6937027060776194,21
873,FTP-BruteForce,0.6620850903051848,21
874,DoS,0.6937027060776194,21
875,DoS,1.0,80
876,DoS,0.6937027060776194,21
877,DoS,0.6937027060776194,21
878,Benign,0.72,23
879,FTP-BruteForce,0.6620850903051848,21
880,FTP-BruteForce,0.6620850903051848,21
881,FTP-BruteForce,0.6620850903051848,21
882,DoS,1.0,80
883,FTP-BruteForce,0.6620850903051848,21
884,FTP-BruteForce,0.6620850903051848,21
885,DoS,1.0,80
886,DoS,0.6937027060776194,21
887,FTP-BruteForce,0.9848005294770812,21
888,DoS,0.6937027060776194,21
889,FTP-BruteForce,0.9848005294770812,21
890,FTP-BruteForce,0.9848005294770812,21
891,FTP-BruteForce,0.6620850903051848,21
892,Benign,1.0,0
893,DoS,0.6937027060776194,21
894,DoS,1.0,80
895,DoS,1.0,80
896,DoS,1.0,80
897,FTP-BruteForce,0.9500542703858259,21
898,DoS,1.0,80
899,DoS,0.6937027060776194,21
900,DoS,1.0,80
901,FTP-BruteForce,0.9848005294770812,21
902,FTP-BruteForce,0.9848005294770812,21
903,DoS,0.6937027060776194,21
904,DoS,0.6937027060776194,21
905,DoS,0.6937027060776194,21
906,DoS,1.0,80
907,DoS,0.921883874410459,21
908,DoS,0.6937027060776194,21
909,DoS,0.6937027060776194,21
910,FTP-BruteForce,0.6620850903051848,21
911,FTP-BruteForce,0.9848005294770812,21
912,DoS,1.0,80
913,DoS,1.0,80
914,DoS,1.0,80
915,FTP-BruteForce,0.6620850903051848,21
916,DoS,1.0,80
917,FTP-BruteForce,0.9848005294770812,21
918,DoS,1.0,80
919,FTP-BruteForce,0.6620850903051848,21
920,FTP-BruteForce,0.6620850903051848,21
921,DoS,1.0,80
922,FTP-BruteForce,0.9848005294770812,21
923,FTP-BruteForce,0.6620850903051848,21
924,DoS,0.6937027060776194,21
925,FTP-BruteForce,0.9848005294770812,21
926,FTP-BruteForce,0.5958629494324318,21
927,FTP-BruteForce,0.5597865521285006,21
928,FTP-BruteForce,0.9848005294770812,21
929,DoS,1.0,80
930,FTP-BruteForce,0.6620850903051848,21
931,FTP-BruteForce,0.9624669911664534,21
932,DoS,0.7673176396924793,21
933,FTP-BruteForce,0.6620850903051848,21
934,FTP-BruteForce,0.6620850903051848,21
935,DoS,1.0,80
936,FTP-BruteForce,0.5508909601383664,21
937,DoS,1.0,80
938,DoS,0.6937027060776194,21
939,FTP-BruteForce,0.6620850903051848,21
940,DoS,1.0,80
941,DoS,1.0,80
942,DoS,1.0,80
943,DoS,0.6937027060776194,21
944,FTP-BruteForce,0.6620850903051848,21
945,FTP-BruteForce,0.6620850903051848,21
946,FTP-BruteForce,0.6620850903051848,21
947,DoS,1.0,80
948,FTP-BruteForce,0.9848005294770812,21
949,FTP-BruteForce,0.6620850903051848,21
950,FTP-BruteForce,0.6620850903051848,21
951,DoS,1.0,80
952,FTP-BruteForce,0.9848005294770812,21
953,DoS,1.0,80
954,Benign,1.0,47670
955,FTP-BruteForce,0.6620850903051848,21
956,FTP-BruteForce,0.9848005294770812,21
957,DoS,1.0,80
958,DoS,0.7148787450416494,21
959,FTP-BruteForce,0.6620850903051848,21
960,DoS,1.0,80
961,DoS,1.0,80
962,FTP-BruteForce,0.6620850903051848,21
963,FTP-BruteForce,0.6620850903051848,21
964,FTP-BruteForce,0.6620850903051848,21
965,DoS,1.0,80
966,FTP-BruteForce,0.6620850903051848,21
967,FTP-BruteForce,0.9848005294770812,21
968,FTP-BruteForce,0.6620850903051848,21
969,DoS,0.6937027060776194,21
970,DoS,1.0,80
971,DoS,1.0,80
972,DoS,0.6937027060776194,21
973,Benign,1.0,67
974,DoS,0.6937027060776194,21
975,DoS,0.7835975292832481,21
976,FTP-BruteForce,0.9848005294770812,21
977,DoS,1.0,80
978,DoS,1.0,80
979,DoS,1.0,80
980,DoS,0.6937027060776194,21
981,DoS,1.0,80
982,FTP-BruteForce,0.6620850903051848,21
983,DoS,0.6937027060776194,21
984,FTP-BruteForce,0.6620850903051848,21
985,FTP-BruteForce,0.6620850903051848,21
986,DoS,1.0,80
987,DoS,0.6937027060776194,21
988,DoS,1.0,80
989,DoS,0.7148787450416494,21
990,FTP-BruteForce,0.6620850903051848,21
991,DoS,1.0,80
992,DoS,0.6937027060776194,21
993,FTP-BruteForce,0.6620850903051848,21
994,DoS,1.0,80
995,FTP-BruteForce,0.6620850903051848,21
996,DoS,0.6937027060776194,21
997,DoS,0.6937027060776194,21
998,FTP-BruteForce,0.6620850903051848,21
999,FTP-BruteForce,0.6620850903051848,21
1000,DoS,1.0,80
1001,FTP-BruteForce,0.6620850903051848,21
1002,FTP-BruteForce,0.6620850903051848,21
1003,FTP-BruteForce,0.6620850903051848,21
1004,FTP-BruteForce,0.6620850903051848,21
1005,FTP-BruteForce,0.6620850903051848,21
1006,FTP-BruteForce,0.9848005294770812,21
1007,FTP-BruteForce,0.6620850903051848,21
1008,FTP-BruteForce,0.6620850903051848,21
1009,FTP-BruteForce,0.9848005294770812,21
1010,FTP-BruteForce,0.6620850903051848,21
1011,DoS,0.6937027060776194,21
1012,FTP-BruteForce,0.6620850903051848,21
1013,DoS,1.0,80
1014,FTP-BruteForce,0.6620850903051848,21
1015,FTP-BruteForce,0.6620850903051848,21
1016,FTP-BruteForce,0.6620850903051848,21
1017,FTP-BruteForce,0.6620850903051848,21
1018,FTP-BruteForce,0.6620850903051848,21
1019,DoS,0.6937027060776194,21
1020,DoS,0.7356568291616375,21
1021,DoS,1.0,80
1022,FTP-BruteForce,0.9848005294770812,21
1023,FTP-BruteForce,0.6620850903051848,21
1024,FTP-BruteForce,0.6620850903051848,21
1025,FTP-BruteForce,0.5297378797511512,21
1026,DoS,0.6937027060776194,21
1027,DoS,1.0,80
1028,FTP-BruteForce,0.6620850903051848,21
1029,FTP-BruteForce,0.9848005294770812,21
1030,DoS,1.0,80
1031,DoS,1.0,80
1032,DoS,1.0,80
1033,DoS,0.7356568291616375,21
1034,DoS,0.6937027060776194,21
1035,DoS,1.0,80
1036,FTP-BruteForce,0.6620850903051848,21
1037,DoS,0.6937027060776194,21
1038,Benign,0.72,23
1039,DoS,0.6937027060776194,21
1040,FTP-BruteForce,0.9848005294770812,21
1041,DoS,1.0,80
1042,DoS,1.0,80
1043,FTP-BruteForce,0.6620850903051848,21
1044,FTP-BruteForce,0.6620850903051848,21
1045,FTP-BruteForce,0.6620850903051848,21
1046,DoS,0.6937027060776194,21
1047,DoS,1.0,80
1048,DoS,1.0,80
1049,FTP-BruteForce,0.6620850903051848,21
1050,DoS,1.0,80
1051,DoS,1.0,80
1052,FTP-BruteForce,0.6620850903051848,21
1053,FTP-BruteForce,0.6620850903051848,21
1054,DoS,0.6937027060776194,21
1055,FTP-BruteForce,0.6620850903051848,21
1056,DoS,1.0,80
1057,DoS,1.0,80
1058,DoS,0.6937027060776194,21
1059,DoS,0.6937027060776194,21
1060,FTP-BruteForce,0.9848005294770812,21
1061,DoS,1.0,80
1062,FTP-BruteForce,0.6620850903051848,21
1063,FTP-BruteForce,0.6620850903051848,21
1064,DoS,1.0,80
1065,DoS,0.6937027060776194,21
1066,FTP-BruteForce,0.6620850903051848,21
1067,DoS,1.0,80
1068,DoS,0.7835975292832481,21
1069,DoS,1.0,80
1070,FTP-BruteForce,0.6620850903051848,21
1071,FTP-BruteForce,0.5297378797511512,21
1072,FTP-BruteForce,0.9848005294770812,21
1073,DoS,1.0,80
1074,DoS,1.0,80
1075,FTP-BruteForce,0.6620850903051848,21
1076,FTP-BruteForce,0.6620850903051848,21
1077,FTP-BruteForce,0.6620850903051848,21
1078,FTP-BruteForce,0.6620850903051848,21
1079,DoS,1.0,80
1080,DoS,1.0,80
1081,FTP-BruteForce,0.6620850903051848,21
1082,DoS,1.0,80
1083,FTP-BruteForce,0.6620850903051848,21
1084,FTP-BruteForce,0.6620850903051848,21
1085,DoS,0.6937027060776194,21
1086,DoS,1.0,80
1087,FTP-BruteForce,0.9848005294770812,21
1088,DoS,0.6937027060776194,21
1089,DoS,0.6937027060776194,21
1090,DoS,1.0,80
1091,FTP-BruteForce,0.6620850903051848,21
1092,FTP-BruteForce,0.6620850903051848,21
1093,FTP-BruteForce,0.6620850903051848,21
1094,DoS,1.0,80
1095,FTP-BruteForce,0.6664258421908449,21
1096,FTP-BruteForce,0.9848005294770812,21
1097,DoS,1.0,80
1098,DoS,1.0,80
1099,FTP-BruteForce,0.932207067852074,21
1100,DoS,1.0,80
1101,FTP-BruteForce,0.9500542703858259,21
1102,FTP-BruteForce,0.6664258421908449,21
1103,FTP-BruteForce,0.6620850903051848,21
1104,FTP-BruteForce,0.6620850903051848,21
1105,FTP-BruteForce,0.9848005294770812,21
1106,DoS,0.6937027060776194,21
1107,FTP-BruteForce,0.5508909601383664,21
1108,DoS,0.6937027060776194,21
1109,FTP-BruteForce,0.5088716929387477,21
1110,FTP-BruteForce,0.6620850903051848,21
1111,DoS,1.0,80
1112,FTP-BruteForce,0.6620850903051848,21
1113,FTP-BruteForce,0.5297378797511512,21
1114,FTP-BruteForce,0.6620850903051848,21
1115,FTP-BruteForce,0.9848005294770812,21
1116,DoS,0.6937027060776194,21
1117,FTP-BruteForce,0.6620850903051848,21
1118,FTP-BruteForce,0.5297378797511512,21
1119,DoS,1.0,80
1120,DoS,1.0,80
1121,FTP-BruteForce,0.7187106943499296,21
1122,Benign,1.0,67
1123,DoS,0.6937027060776194,21
1124,Benign,0.64,80
1125,DoS,0.6937027060776194,21
1126,DoS,1.0,80
1127,FTP-BruteForce,0.9848005294770812,21
1128,FTP-BruteForce,0.9848005294770812,21
1129,FTP-BruteForce,0.9848005294770812,21
1130,DoS,1.0,80
1131,DoS,1.0,80
1132,FTP-BruteForce,0.9751553966039818,21
1133,DoS,1.0,80
1134,FTP-BruteForce,0.6620850903051848,21
1135,DoS,1.0,80
1136,FTP-BruteForce,0.9848005294770812,21
1137,DoS,1.0,80
1138,DoS,1.0,80
1139,FTP-BruteForce,0.5597865521285006,21
1140,DoS,0.6937027060776194,21
1141,DoS,0.7148787450416494,21
1142,FTP-BruteForce,0.6620850903051848,21
1143,FTP-BruteForce,0.6664258421908449,21
1144,DoS,1.0,80
1145,FTP-BruteForce,0.5297378797511512,21
1146,DoS,0.6937027060776194,21
1147,DoS,0.6937027060776194,21
1148,DoS,0.6937027060776194,21
1149,DoS,0.6937027060776194,21
1150,FTP-BruteForce,0.6620850903051848,21
1151,DoS,1.0,80
1152,DoS,1.0,80
1153,DoS,0.6937027060776194,21
1154,FTP-BruteForce,0.6620850903051848,21
1155,DoS,1.0,80
1156,FTP-BruteForce,0.6664258421908449,21
1157,DoS,1.0,80
1158,DoS,1.0,80
1159,DoS,1.0,80
1160,FTP-BruteForce,0.6620850903051848,21
1161,FTP-BruteForce,0.9848005294770812,21
1162,FTP-BruteForce,0.6620850903051848,21
1163,FTP-BruteForce,0.9751553966039818,21
1164,FTP-BruteForce,0.6620850903051848,21
1165,DoS,1.0,80
1166,FTP-BruteForce,0.6620850903051848,21
1167,DoS,1.0,80
1168,DoS,1.0,80
1169,FTP-BruteForce,0.6620850903051848,21
1170,DoS,0.6937027060776194,21
1171,FTP-BruteForce,0.6620850903051848,21
1172,DoS,1.0,80
1173,FTP-BruteForce,0.6620850903051848,21
1174,DoS,1.0,80
1175,FTP-BruteForce,0.6620850903051848,21
1176,DoS,1.0,80
1177,DoS,1.0,80
1178,DoS,0.6937027060776194,21
1179,DoS,1.0,80
1180,DoS,1.0,80
1181,DoS,0.921883874410459,21
1182,DoS,1.0,80
1183,Benign,0.98,80
1184,FTP-BruteForce,0.5297378797511512,21
1185,DoS,1.0,80
1186,FTP-BruteForce,0.6620850903051848,21
1187,FTP-BruteForce,0.6620850903051848,21
1188,DoS,1.0,80
1189,DoS,0.6937027060776194,21
1190,FTP-BruteForce,0.6664258421908449,21
1191,DoS,1.0,80
1192,DoS,1.0,80
1193,DoS,1.0,80
1194,FTP-BruteForce,0.6620850903051848,21
1195,DoS,1.0,80
1196,FTP-BruteForce,0.6620850903051848,21
1197,DoS,0.6937027060776194,21
1198,DoS,0.6937027060776194,21
1199,DoS,0.6937027060776194,21
1200,DoS,0.7835975292832481,21
1201,FTP-BruteForce,0.6620850903051848,21
1202,FTP-BruteForce,0.6620850903051848,21
1203,DoS,1.0,80
1204,DoS,1.0,80
1205,FTP-BruteForce,0.6620850903051848,21
1206,FTP-BruteForce,0.5297378797511512,21
1207,DoS,1.0,80
1208,DoS,1.0,80
1209,DoS,1.0,80
1210,FTP-BruteForce,0.6620850903051848,21
1211,FTP-BruteForce,0.6620850903051848,21
1212,FTP-BruteForce,0.9500542703858259,21
1213,DoS,1.0,80
1214,DoS,1.0,80
1215,DoS,1.0,80
1216,DoS,1.0,80
1217,DoS,1.0,80
1218,FTP-BruteForce,0.6620850903051848,21
1219,DoS,1.0,80
1220,DoS,0.6937027060776194,21
1221,FTP-BruteForce,0.6620850903051848,21
1222,FTP-BruteForce,0.9848005294770812,21
1223,DoS,1.0,80
1224,FTP-BruteForce,0.9848005294770812,21
1225,DoS,1.0,80
1226,DoS,0.7835975292832481,21
1227,DoS,1.0,80
1228,FTP-BruteForce,0.9848005294770812,21
1229,FTP-BruteForce,0.9848005294770812,21
1230,DoS,1.0,80
1231,FTP-BruteForce,0.9751553966039818,21
1232,FTP-BruteForce,0.9500542703858259,21
1233,DoS,0.6937027060776194,21
1234,FTP-BruteForce,0.9848005294770812,21
1235,DoS,1.0,80
1236,DoS,0.6937027060776194,21
1237,DoS,0.6937027060776194,21
1238,FTP-BruteForce,0.506456180803433,21
1239,FTP-BruteForce,0.8729775638712751,21
1240,DoS,1.0,80
1241,DoS,1.0,80
1242,FTP-BruteForce,0.6620850903051848,21
1243,FTP-BruteForce,0.6620850903051848,21
1244,FTP-BruteForce,0.6620850903051848,21
1245,FTP-BruteForce,0.9848005294770812,21
1246,DoS,1.0,80
1247,FTP-BruteForce,0.9848005294770812,21
1248,DoS,1.0,80
1249,DoS,1.0,80
1250,DoS,0.7359295615602786,21
1251,DoS,0.6937027060776194,21
1252,DoS,1.0,80
1253,DoS,0.7985389314745673,21
1254,DoS,1.0,80
1255,FTP-BruteForce,0.5297378797511512,21
1256,DoS,1.0,80
1257,DoS,1.0,80
1258,DoS,1.0,80
1259,FTP-BruteForce,0.6620850903051848,21
1260,DoS,0.8263008454116811,21
1261,FTP-BruteForce,0.6620850903051848,21
1262,FTP-BruteForce,0.9500542703858259,21
1263,DoS,1.0,80
1264,FTP-BruteForce,0.7924833274344096,21
1265,DoS,0.6937027060776194,21
1266,DoS,0.6937027060776194,21
1267,FTP-BruteForce,0.6620850903051848,21
1268,FTP-BruteForce,0.5297378797511512,21
1269,FTP-BruteForce,0.6620850903051848,21
1270,FTP-BruteForce,0.5297378797511512,21
1271,FTP-BruteForce,0.9500542703858259,21
1272,DoS,0.6937027060776194,21
1273,DoS,0.6937027060776194,21
1274,DoS,1.0,80
1275,FTP-BruteForce,0.6620850903051848,21
1276,DoS,1.0,80
1277,FTP-BruteForce,0.5297378797511512,21
1278,DoS,1.0,80
1279,FTP-BruteForce,0.9848005294770812,21
1280,FTP-BruteForce,0.6620850903051848,21
1281,DoS,1.0,80
1282,DoS,0.921883874410459,21
1283,DoS,0.6937027060776194,21
1284,FTP-BruteForce,0.5297378797511512,21
1285,DoS,1.0,80
1286,DoS,1.0,80
1287,DoS,1.0,80
1288,FTP-BruteForce,0.6620850903051848,21
1289,DoS,0.6937027060776194,21
1290,DoS,1.0,80
1291,DoS,1.0,80
1292,DoS,0.6937027060776194,21
1293,DoS,0.6937027060776194,21
1294,DoS,1.0,80
1295,DoS,1.0,80
1296,DoS,1.0,80
1297,DoS,1.0,80
1298,DoS,0.6937027060776194,21
1299,FTP-BruteForce,0.6620850903051848,21
1300,DoS,0.6937027060776194,21
1301,DoS,0.6937027060776194,21
1302,FTP-BruteForce,0.6620850903051848,21
1303,FTP-BruteForce,0.6620850903051848,21
1304,FTP-BruteForce,0.6620850903051848,21
1305,FTP-BruteForce,0.9848005294770812,21
1306,DoS,0.6937027060776194,21
1307,DoS,0.8263008454116811,21
1308,DoS,0.6937027060776194,21
1309,DoS,1.0,80
1310,FTP-BruteForce,0.7924833274344096,21
1311,FTP-BruteForce,0.6620850903051848,21
1312,FTP-BruteForce,0.9848005294770812,21
1313,DoS,1.0,80
1314,FTP-BruteForce,0.9848005294770812,21
1315,FTP-BruteForce,0.6620850903051848,21
1316,FTP-BruteForce,0.6620850903051848,21
1317,FTP-BruteForce,0.6620850903051848,21
1318,FTP-BruteForce,0.6620850903051848,21
1319,DoS,0.7985389314745673,21
1320,FTP-BruteForce,0.9848005294770812,21
1321,DoS,1.0,80
1322,DoS,0.6937027060776194,21
1323,FTP-BruteForce,0.9848005294770812,21
1324,FTP-BruteForce,0.9848005294770812,21
1325,DoS,1.0,80
1326,DoS,0.6937027060776194,21
1327,FTP-BruteForce,0.6620850903051848,21
1328,FTP-BruteForce,0.6620850903051848,21
1329,FTP-BruteForce,0.9848005294770812,21
1330,DoS,0.6937027060776194,21
1331,DoS,1.0,80
1332,DoS,0.6937027060776194,21
1333,DoS,0.6937027060776194,21
1334,FTP-BruteForce,0.6620850903051848,21
1335,DoS,1.0,80
1336,FTP-BruteForce,0.6620850903051848,21
1337,DoS,1.0,80
1338,FTP-BruteForce,0.6620850903051848,21
1339,Benign,1.0,0
1340,FTP-BruteForce,0.6620850903051848,21
1341,FTP-BruteForce,0.5297378797511512,21
1342,FTP-BruteForce,0.6620850903051848,21
1343,FTP-BruteForce,0.6620850903051848,21
1344,DoS,1.0,80
1345,DoS,1.0,80
1346,FTP-BruteForce,0.6620850903051848,21
1347,FTP-BruteForce,0.6620850903051848,21
1348,DoS,0.6937027060776194,21
1349,FTP-BruteForce,0.9848005294770812,21
1350,DoS,0.6937027060776194,21
1351,DoS,1.0,80
1352,DoS,0.6937027060776194,21
1353,FTP-BruteForce,0.6620850903051848,21
1354,DoS,0.6937027060776194,21
1355,FTP-BruteForce,0.6620850903051848,21
1356,FTP-BruteForce,0.6620850903051848,21
1357,FTP-BruteForce,0.6620850903051848,21
1358,DoS,1.0,80
1359,DoS,0.6937027060776194,21
1360,DoS,0.7985389314745673,21
1361,FTP-BruteForce,0.6620850903051848,21
1362,FTP-BruteForce,0.9848005294770812,21
1363,FTP-BruteForce,0.6620850903051848,21
1364,DoS,1.0,80
1365,FTP-BruteForce,0.6620850903051848,21
1366,FTP-BruteForce,0.7406538823713593,21
1367,FTP-BruteForce,0.6620850903051848,21
1368,FTP-BruteForce,0.6620850903051848,21
1369,FTP-BruteForce,0.6620850903051848,21
1370,DoS,1.0,80
1371,DoS,1.0,80
1372,FTP-BruteForce,0.9848005294770812,21
1373,DoS,1.0,80
1374,FTP-BruteForce,0.6620850903051848,21
1375,FTP-BruteForce,0.9848005294770812,21
1376,FTP-BruteForce,0.9848005294770812,21
1377,FTP-BruteForce,0.6620850903051848,21
1378,DoS,0.7835975292832481,21
1379,Benign,1.0,0
1380,DoS,0.8263008454116811,21
1381,FTP-BruteForce,0.6620850903051848,21
1382,FTP-BruteForce,0.506456180803433,21
1383,DoS,1.0,80
1384,FTP-BruteForce,0.9751553966039818,21
1385,FTP-BruteForce,0.9848005294770812,21
1386,DoS,0.6937027060776194,21
1387,DoS,0.6937027060776194,21
1388,DoS,1.0,80
1389,FTP-BruteForce,0.6620850903051848,21
1390,FTP-BruteForce,0.6620850903051848,21
1391,DoS,1.0,80
1392,DoS,0.6937027060776194,21
1393,DoS,1.0,80
1394,FTP-BruteForce,0.6620850903051848,21
1395,DoS,1.0,80
1396,DoS,0.6937027060776194,21
1397,DoS,0.6937027060776194,21
1398,DoS,1.0,80
1399,DoS,1.0,80
1400,DoS,1.0,80
1401,DoS,0.7985389314745673,21
1402,FTP-BruteForce,0.6620850903051848,21
1403,DoS,0.6937027060776194,21
1404,FTP-BruteForce,0.6620850903051848,21
1405,FTP-BruteForce,0.9848005294770812,21
1406,DoS,1.0,80
1407,DoS,1.0,80
1408,DoS,1.0,80
1409,DoS,1.0,80
1410,DoS,1.0,80
1411,FTP-BruteForce,0.6620850903051848,21
1412,FTP-BruteForce,0.6620850903051848,21
1413,DoS,1.0,80
1414,FTP-BruteForce,0.6664258421908449,21
1415,FTP-BruteForce,0.6620850903051848,21
1416,DoS,0.6937027060776194,21
1417,DoS,0.8053938258392956,21
1418,FTP-BruteForce,0.6620850903051848,21
1419,FTP-BruteForce,0.6620850903051848,21
1420,DoS,1.0,80
1421,DoS,1.0,80
1422,DoS,1.0,80
1423,FTP-BruteForce,0.9848005294770812,21
1424,Benign,1.0,0
1425,FTP-BruteForce,0.6620850903051848,21
1426,DoS,0.6937027060776194,21
1427,DoS,1.0,80
1428,FTP-BruteForce,0.7406538823713593,21
1429,DoS,0.8263008454116811,21
1430,DoS,1.0,80
1431,DoS,1.0,80
1432,FTP-BruteForce,0.6620850903051848,21
1433,DoS,0.6937027060776194,21
1434,DoS,1.0,80
1435,FTP-BruteForce,0.6664258421908449,21
1436,FTP-BruteForce,0.6620850903051848,21
1437,DoS,1.0,80
1438,DoS,0.6937027060776194,21
1439,FTP-BruteForce,0.6620850903051848,21
1440,FTP-BruteForce,0.6620850903051848,21
1441,DoS,1.0,80
1442,FTP-BruteForce,0.6620850903051848,21
1443,DoS,1.0,80
1444,DoS,1.0,80
1445,DoS,0.6937027060776194,21
1446,FTP-BruteForce,0.6620850903051848,21
1447,FTP-BruteForce,0.5297378797511512,21
1448,FTP-BruteForce,0.9848005294770812,21
1449,DoS,0.8263008454116811,21
1450,DoS,0.921883874410459,21
1451,FTP-BruteForce,0.6664258421908449,21
1452,DoS,1.0,80
1453,FTP-BruteForce,0.6620850903051848,21
1454,FTP-BruteForce,0.5597865521285006,21
1455,FTP-BruteForce,0.6620850903051848,21
1456,DoS,0.6937027060776194,21
1457,DoS,1.0,80
1458,DoS,1.0,80
1459,DoS,0.6937027060776194,21
1460,FTP-BruteForce,0.8729775638712751,21
1461,FTP-BruteForce,0.9848005294770812,21
1462,FTP-BruteForce,0.9848005294770812,21
1463,DoS,1.0,80
1464,FTP-BruteForce,0.6620850903051848,21
1465,DoS,1.0,80
1466,DoS,1.0,80
1467,DoS,1.0,80
1468,DoS,0.6937027060776194,21
1469,DoS,0.6937027060776194,21
1470,DoS,1.0,80
1471,FTP-BruteForce,0.6620850903051848,21
1472,FTP-BruteForce,0.9848005294770812,21
1473,FTP-BruteForce,0.6620850903051848,21
1474,FTP-BruteForce,0.6620850903051848,21
1475,FTP-BruteForce,0.6620850903051848,21
1476,FTP-BruteForce,0.6620850903051848,21
1477,DoS,0.6937027060776194,21
1478,DoS,0.8053938258392956,21
1479,FTP-BruteForce,0.6620850903051848,21
1480,DoS,1.0,21
1481,DoS,1.0,80
1482,DoS,1.0,80
1483,DoS,1.0,80
1484,FTP-BruteForce,0.6620850903051848,21
1485,FTP-BruteForce,0.9848005294770812,21
1486,DoS,1.0,80
1487,Benign,0.96,22
1488,FTP-BruteForce,0.9848005294770812,21
1489,FTP-BruteForce,0.9848005294770812,21
1490,DoS,1.0,80
1491,FTP-BruteForce,0.6620850903051848,21
1492,DoS,1.0,80
1493,FTP-BruteForce,0.6620850903051848,21
1494,DoS,1.0,80
1495,FTP-BruteForce,0.6620850903051848,21
1496,DoS,1.0,80
1497,DoS,0.8263008454116811,21
1498,FTP-BruteForce,0.9848005294770812,21
1499,FTP-BruteForce,0.6620850903051848,21
1500,FTP-BruteForce,0.9848005294770812,21
1501,FTP-BruteForce,0.6620850903051848,21
1502,FTP-BruteForce,0.6620850903051848,21
1503,DoS,1.0,80
1504,DoS,1.0,80
1505,DoS,1.0,80
1506,DoS,1.0,80
1507,FTP-BruteForce,0.6620850903051848,21
1508,FTP-BruteForce,0.9848005294770812,21
1509,FTP-BruteForce,0.9848005294770812,21
1510,DoS,1.0,80
1511,DoS,1.0,80
1512,DoS,0.6937027060776194,21
1513,DoS,1.0,80
1514,FTP-BruteForce,0.9848005294770812,21
1515,DoS,0.6937027060776194,21
1516,FTP-BruteForce,0.9848005294770812,21
1517,FTP-BruteForce,0.6620850903051848,21
1518,Benign,1.0,0
1519,DoS,1.0,80
1520,FTP-BruteForce,0.6620850903051848,21
1521,DoS,1.0,80
1522,DoS,1.0,80
1523,Benign,1.0,0
1524,DoS,1.0,80
1525,DoS,0.7356568291616375,21
1526,DoS,1.0,80
1527,DoS,1.0,80
1528,DoS,1.0,80
1529,DoS,0.6937027060776194,21
1530,FTP-BruteForce,0.5297378797511512,21
1531,FTP-BruteForce,0.6620850903051848,21
1532,DoS,0.6937027060776194,21
1533,DoS,1.0,80
1534,FTP-BruteForce,0.6620850903051848,21
1535,DoS,0.8053938258392956,21
1536,DoS,0.7673176396924793,21
1537,DoS,1.0,80
1538,FTP-BruteForce,0.6620850903051848,21
1539,FTP-BruteForce,0.6664258421908449,21
1540,DoS,1.0,80
1541,FTP-BruteForce,0.6620850903051848,21
1542,FTP-BruteForce,0.6620850903051848,21
1543,FTP-BruteForce,0.6620850903051848,21
1544,FTP-BruteForce,0.6620850903051848,21
1545,FTP-BruteForce,0.6620850903051848,21
1546,FTP-BruteForce,0.9848005294770812,21
1547,DoS,0.6937027060776194,21
1548,FTP-BruteForce,0.6620850903051848,21
1549,FTP-BruteForce,0.6620850903051848,21
1550,FTP-BruteForce,0.6620850903051848,21
1551,FTP-BruteForce,0.6620850903051848,21
1552,FTP-BruteForce,0.6620850903051848,21
1553,FTP-BruteForce,0.6620850903051848,21
1554,DoS,1.0,80
1555,DoS,1.0,80
1556,DoS,1.0,80
1557,FTP-BruteForce,0.6620850903051848,21
1558,DoS,1.0,80
1559,FTP-BruteForce,0.5508909601383664,21
1560,FTP-BruteForce,0.6620850903051848,21
1561,DoS,1.0,80
1562,FTP-BruteForce,0.9848005294770812,21
1563,FTP-BruteForce,0.6620850903051848,21
1564,FTP-BruteForce,0.9848005294770812,21
1565,FTP-BruteForce,0.6620850903051848,21
1566,DoS,1.0,80
1567,DoS,1.0,80
1568,FTP-BruteForce,0.6620850903051848,21
1569,DoS,1.0,80
1570,FTP-BruteForce,0.6620850903051848,21
1571,FTP-BruteForce,0.6620850903051848,21
1572,DoS,0.6937027060776194,21
1573,DoS,0.6937027060776194,21
1574,FTP-BruteForce,0.9848005294770812,21
1575,FTP-BruteForce,0.9848005294770812,21
1576,FTP-BruteForce,0.6620850903051848,21
1577,DoS,1.0,80
1578,FTP-BruteForce,0.6620850903051848,21
1579,DoS,1.0,80
1580,FTP-BruteForce,0.6620850903051848,21
1581,DoS,1.0,80
1582,DoS,0.6937027060776194,21
1583,DoS,1.0,80
1584,FTP-BruteForce,0.9848005294770812,21
1585,FTP-BruteForce,0.6620850903051848,21
1586,FTP-BruteForce,0.9848005294770812,21
1587,DoS,1.0,80
1588,FTP-BruteForce,0.6664258421908449,21
1589,FTP-BruteForce,0.6620850903051848,21
1590,DoS,0.6937027060776194,21
1591,DoS,0.7094941497617983,21
1592,FTP-BruteForce,0.6620850903051848,21
1593,DoS,1.0,80
1594,DoS,0.6937027060776194,21
1595,FTP-BruteForce,0.9500542703858259,21
1596,FTP-BruteForce,0.6620850903051848,21
1597,FTP-BruteForce,0.6620850903051848,21
1598,DoS,1.0,80
1599,FTP-BruteForce,0.6620850903051848,21
1600,FTP-BruteForce,0.7406538823713593,21
1601,DoS,0.921883874410459,21
1602,DoS,1.0,80
1603,FTP-BruteForce,0.6620850903051848,21
1604,DoS,1.0,80
1605,DoS,1.0,80
1606,FTP-BruteForce,0.6620850903051848,21
1607,FTP-BruteForce,0.6620850903051848,21
1608,DoS,1.0,80
1609,DoS,1.0,80
1610,FTP-BruteForce,0.6620850903051848,21
1611,FTP-BruteForce,0.6620850903051848,21
1612,DoS,1.0,80
1613,DoS,1.0,80
1614,DoS,0.8053938258392956,21
1615,FTP-BruteForce,0.6620850903051848,21
1616,DoS,0.6937027060776194,21
1617,DoS,1.0,80
1618,DoS,1.0,80
1619,FTP-BruteForce,0.932207067852074,21
1620,FTP-BruteForce,0.6620850903051848,21
1621,FTP-BruteForce,0.6620850903051848,21
1622,DoS,1.0,80
1623,FTP-BruteForce,0.9500542703858259,21
1624,DoS,1.0,80
1625,DoS,1.0,80
1626,DoS,0.6937027060776194,21
1627,DoS,0.6937027060776194,21
1628,FTP-BruteForce,0.6620850903051848,21
1629,FTP-BruteForce,0.9848005294770812,21
1630,FTP-BruteForce,0.9848005294770812,21
1631,FTP-BruteForce,0.9751553966039818,21
1632,FTP-BruteForce,0.5297378797511512,21
1633,DoS,0.6937027060776194,21
1634,DoS,0.6937027060776194,21
1635,DoS,0.6937027060776194,21
1636,DoS,0.6937027060776194,21
1637,FTP-BruteForce,0.6620850903051848,21
1638,DoS,1.0,80
1639,FTP-BruteForce,0.6620850903051848,21
1640,DoS,1.0,80
1641,FTP-BruteForce,0.6620850903051848,21
1642,FTP-BruteForce,0.9848005294770812,21
1643,FTP-BruteForce,0.6620850903051848,21
1644,FTP-BruteForce,0.9848005294770812,21
1645,FTP-BruteForce,0.6620850903051848,21
1646,DoS,0.921883874410459,21
1647,FTP-BruteForce,0.9848005294770812,21
1648,FTP-BruteForce,0.6620850903051848,21
1649,FTP-BruteForce,0.5297378797511512,21
1650,FTP-BruteForce,0.9500542703858259,21
1651,DoS,0.6937027060776194,21
1652,DoS,1.0,80
1653,FTP-BruteForce,0.6664258421908449,21
1654,DoS,0.7359295615602786,21
1655,DoS,1.0,80
1656,DoS,0.6937027060776194,21
1657,DoS,1.0,80
1658,DoS,1.0,80
1659,DoS,0.8053938258392956,21
1660,FTP-BruteForce,0.6620850903051848,21
1661,DoS,0.6937027060776194,21
1662,FTP-BruteForce,0.9848005294770812,21
1663,FTP-BruteForce,0.9848005294770812,21
1664,FTP-BruteForce,0.8767828134146848,21
1665,FTP-BruteForce,0.6620850903051848,21
1666,DoS,1.0,80
1667,DoS,1.0,80
1668,DoS,1.0,80
1669,DoS,1.0,80
1670,DoS,1.0,80
1671,FTP-BruteForce,0.6620850903051848,21
1672,DoS,0.6937027060776194,21
1673,DoS,1.0,80
1674,FTP-BruteForce,0.6620850903051848,21
1675,FTP-BruteForce,0.9848005294770812,21
1676,DoS,0.8263008454116811,21
1677,FTP-BruteForce,0.6620850903051848,21
1678,FTP-BruteForce,0.9848005294770812,21
1679,Benign,0.72,23
1680,DoS,1.0,80
1681,DoS,1.0,80
1682,DoS,1.0,80
1683,FTP-BruteForce,0.9848005294770812,21
1684,FTP-BruteForce,0.6620850903051848,21
1685,FTP-BruteForce,0.6620850903051848,21
1686,DoS,1.0,80
1687,FTP-BruteForce,0.9848005294770812,21
1688,FTP-BruteForce,0.6620850903051848,21
1689,FTP-BruteForce,0.6620850903051848,21
1690,FTP-BruteForce,0.6620850903051848,21
1691,DoS,0.6937027060776194,21
1692,DoS,0.7356568291616375,21
1693,FTP-BruteForce,0.6620850903051848,21
1694,DoS,0.98,80
1695,DoS,1.0,80
1696,FTP-BruteForce,0.5508909601383664,21
1697,FTP-BruteForce,0.6620850903051848,21
1698,FTP-BruteForce,0.6620850903051848,21
1699,DoS,0.7673176396924793,21
1700,FTP-BruteForce,0.5297378797511512,21
1701,DoS,1.0,80
1702,FTP-BruteForce,0.6620850903051848,21
1703,DoS,0.6937027060776194,21
1704,DoS,0.6937027060776194,21
1705,DoS,1.0,80
1706,DoS,1.0,80
1707,FTP-BruteForce,0.9848005294770812,21
1708,DoS,1.0,80
1709,DoS,1.0,80
1710,DoS,0.6937027060776194,21
1711,DoS,0.7792637686518327,21
1712,DoS,0.7835975292832481,21
1713,DoS,1.0,80
1714,DoS,0.8263008454116811,21
1715,DoS,1.0,80
1716,DoS,1.0,80
1717,FTP-BruteForce,0.6620850903051848,21
1718,FTP-BruteForce,0.6620850903051848,21
1719,DoS,1.0,80
1720,FTP-BruteForce,0.6620850903051848,21
1721,FTP-BruteForce,0.6620850903051848,21
1722,DoS,1.0,80
1723,DoS,1.0,80
1724,DoS,1.0,80
1725,FTP-BruteForce,0.9500542703858259,21
1726,DoS,0.713040536400178,21
1727,DoS,0.6937027060776194,21
1728,DoS,1.0,80
1729,FTP-BruteForce,0.6620850903051848,21
1730,FTP-BruteForce,0.5297378797511512,21
1731,FTP-BruteForce,0.6620850903051848,21
1732,FTP-BruteForce,0.9848005294770812,21
1733,FTP-BruteForce,0.6664258421908449,21
1734,DoS,1.0,80
1735,FTP-BruteForce,0.6620850903051848,21
1736,FTP-BruteForce,0.6620850903051848,21
1737,DoS,0.6937027060776194,21
1738,DoS,0.6937027060776194,21
1739,DoS,0.7835975292832481,21
1740,DoS,0.6937027060776194,21
1741,FTP-BruteForce,0.6620850903051848,21
1742,FTP-BruteForce,0.9848005294770812,21
1743,DoS,1.0,80
1744,DoS,1.0,80
1745,DoS,1.0,80
1746,FTP-BruteForce,0.9500542703858259,21
1747,DoS,1.0,80
1748,FTP-BruteForce,0.6620850903051848,21
1749,DoS,1.0,80
1750,DoS,1.0,80
1751,FTP-BruteForce,0.6620850903051848,21
1752,DoS,1.0,80
1753,DoS,1.0,80
1754,DoS,0.7402012999688933,21
1755,FTP-BruteForce,0.6620850903051848,21
1756,FTP-BruteForce,0.5297378797511512,21
1757,DoS,0.8263008454116811,21
1758,FTP-BruteForce,0.9848005294770812,21
1759,FTP-BruteForce,0.932207067852074,21
1760,FTP-BruteForce,0.6620850903051848,21
1761,FTP-BruteForce,0.6620850903051848,21
1762,FTP-BruteForce,0.6620850903051848,21
1763,FTP-BruteForce,0.6620850903051848,21
1764,DoS,1.0,80
1765,FTP-BruteForce,0.6620850903051848,21
1766,DoS,0.6937027060776194,21
1767,DoS,0.6937027060776194,21
1768,FTP-BruteForce,0.6620850903051848,21
1769,DoS,1.0,80
1770,FTP-BruteForce,0.6620850903051848,21
1771,DoS,0.6937027060776194,21
1772,FTP-BruteForce,0.5297378797511512,21
1773,DoS,0.6937027060776194,21
1774,DoS,1.0,80
1775,FTP-BruteForce,0.7406538823713593,21
1776,DoS,1.0,80
1777,FTP-BruteForce,0.6620850903051848,21
1778,DoS,1.0,80
1779,DoS,1.0,80
1780,FTP-BruteForce,0.6620850903051848,21
1781,FTP-BruteForce,0.9500542703858259,21
1782,DoS,0.6937027060776194,21
1783,FTP-BruteForce,0.6620850903051848,21
1784,DoS,0.8053938258392956,21
1785,FTP-BruteForce,0.9848005294770812,21
1786,FTP-BruteForce,0.9848005294770812,21
1787,DoS,0.6937027060776194,21
1788,FTP-BruteForce,0.9848005294770812,21
1789,DoS,0.6937027060776194,21
1790,FTP-BruteForce,0.6620850903051848,21
1791,FTP-BruteForce,0.6620850903051848,21
1792,DoS,0.921883874410459,21
1793,FTP-BruteForce,0.6620850903051848,21
1794,FTP-BruteForce,0.6620850903051848,21
1795,DoS,0.6937027060776194,21
1796,DoS,0.6937027060776194,21
1797,FTP-BruteForce,0.6664258421908449,21
1798,FTP-BruteForce,0.9848005294770812,21
1799,DoS,0.98,80
1800,DoS,0.6937027060776194,21
1801,FTP-BruteForce,0.6620850903051848,21
1802,FTP-BruteForce,0.506456180803433,21
1803,DoS,1.0,80
1804,DoS,0.6937027060776194,21
1805,FTP-BruteForce,0.6620850903051848,21
1806,FTP-BruteForce,0.9500542703858259,21
1807,DoS,0.921883874410459,21
1808,DoS,1.0,80
1809,FTP-BruteForce,0.5508909601383664,21
1810,DoS,0.6937027060776194,21
1811,DoS,1.0,80
1812,FTP-BruteForce,0.9848005294770812,21
1813,DoS,1.0,80
1814,FTP-BruteForce,0.9848005294770812,21
1815,DoS,0.6937027060776194,21
1816,DoS,1.0,80
1817,DoS,0.6937027060776194,21
1818,DoS,1.0,80
1819,FTP-BruteForce,0.6620850903051848,21
1820,DoS,1.0,80
1821,DoS,1.0,80
1822,FTP-BruteForce,0.6620850903051848,21
1823,DoS,0.6937027060776194,21
1824,FTP-BruteForce,0.6620850903051848,21
1825,DoS,0.8263008454116811,21
1826,FTP-BruteForce,0.9848005294770812,21
1827,DoS,0.6937027060776194,21
1828,DoS,1.0,80
1829,FTP-BruteForce,0.6664258421908449,21
1830,FTP-BruteForce,0.6620850903051848,21
1831,FTP-BruteForce,0.5297378797511512,21
1832,FTP-BruteForce,0.5297378797511512,21
1833,DoS,0.6937027060776194,21
1834,DoS,1.0,80
1835,FTP-BruteForce,0.6620850903051848,21
1836,FTP-BruteForce,0.9848005294770812,21
1837,DoS,1.0,80
1838,FTP-BruteForce,0.6620850903051848,21
1839,FTP-BruteForce,0.6620850903051848,21
1840,DoS,1.0,80
1841,DoS,1.0,80
1842,FTP-BruteForce,0.6620850903051848,21
1843,DoS,1.0,80
1844,DoS,1.0,80
1845,FTP-BruteForce,0.6620850903051848,21
1846,DoS,0.921883874410459,21
1847,FTP-BruteForce,0.6620850903051848,21
1848,DoS,1.0,80
1849,FTP-BruteForce,0.9848005294770812,21
1850,DoS,1.0,80
1851,DoS,1.0,80
1852,FTP-BruteForce,0.6620850903051848,21
1853,DoS,0.6937027060776194,21
1854,FTP-BruteForce,0.9848005294770812,21
1855,FTP-BruteForce,0.6620850903051848,21
1856,DoS,0.6937027060776194,21
1857,FTP-BruteForce,0.6620850903051848,21
1858,FTP-BruteForce,0.6620850903051848,21
1859,DoS,1.0,80
1860,DoS,1.0,80
1861,DoS,0.6937027060776194,21
1862,FTP-BruteForce,0.6664258421908449,21
1863,FTP-BruteForce,0.9848005294770812,21
1864,FTP-BruteForce,0.6620850903051848,21
1865,DoS,1.0,80
1866,FTP-BruteForce,0.9848005294770812,21
1867,FTP-BruteForce,0.6620850903051848,21
1868,FTP-BruteForce,0.9848005294770812,21
1869,DoS,0.6937027060776194,21
1870,DoS,0.6937027060776194,21
1871,DoS,1.0,80
1872,DoS,1.0,80
1873,DoS,1.0,80
1874,DoS,1.0,80
1875,DoS,1.0,80
1876,DoS,1.0,80
1877,FTP-BruteForce,0.9848005294770812,21
1878,DoS,1.0,80
1879,FTP-BruteForce,0.9848005294770812,21
1880,DoS,0.6937027060776194,21
1881,FTP-BruteForce,0.9848005294770812,21
1882,DoS,1.0,80
1883,FTP-BruteForce,0.9848005294770812,21
1884,DoS,1.0,80
1885,FTP-BruteForce,0.9848005294770812,21
1886,DoS,0.6937027060776194,21
1887,FTP-BruteForce,0.5297378797511512,21
1888,DoS,0.6937027060776194,21
1889,DoS,1.0,80
1890,FTP-BruteForce,0.6620850903051848,21
1891,DoS,0.6937027060776194,21
1892,DoS,1.0,80
1893,DoS,1.0,80
1894,FTP-BruteForce,0.6620850903051848,21
1895,FTP-BruteForce,0.6620850903051848,21
1896,FTP-BruteForce,0.6620850903051848,21
1897,DoS,0.6937027060776194,21
1898,FTP-BruteForce,0.6620850903051848,21
1899,DoS,1.0,80
1900,FTP-BruteForce,0.9848005294770812,21
1901,FTP-BruteForce,0.6620850903051848,21
1902,FTP-BruteForce,0.6620850903051848,21
1903,FTP-BruteForce,0.6620850903051848,21
1904,FTP-BruteForce,0.5508909601383664,21
1905,DoS,0.8263008454116811,21
1906,DoS,1.0,80
1907,FTP-BruteForce,0.9848005294770812,21
1908,DoS,0.6937027060776194,21
1909,DoS,1.0,80
1910,DoS,0.8263008454116811,21
1911,FTP-BruteForce,0.6620850903051848,21
1912,DoS,1.0,80
1913,FTP-BruteForce,0.6620850903051848,21
1914,FTP-BruteForce,0.6620850903051848,21
1915,DoS,1.0,80
1916,DoS,1.0,80
1917,FTP-BruteForce,0.6620850903051848,21
1918,FTP-BruteForce,0.6620850903051848,21
1919,DoS,1.0,80
1920,DoS,1.0,80
1921,DoS,1.0,80
1922,DoS,1.0,80
1923,FTP-BruteForce,0.9848005294770812,21
1924,FTP-BruteForce,0.6620850903051848,21
1925,DoS,1.0,80
1926,DoS,1.0,80
1927,DoS,0.8263008454116811,21
1928,DoS,1.0,80
1929,FTP-BruteForce,0.6620850903051848,21
1930,FTP-BruteForce,0.6620850903051848,21
1931,DoS,1.0,80
1932,FTP-BruteForce,0.6620850903051848,21
1933,DoS,0.6937027060776194,21
1934,FTP-BruteForce,0.9848005294770812,21
1935,DoS,1.0,80
1936,DoS,0.6937027060776194,21
1937,DoS,1.0,80
1938,DoS,0.6937027060776194,21
1939,FTP-BruteForce,0.9848005294770812,21
1940,FTP-BruteForce,0.6620850903051848,21
1941,FTP-BruteForce,0.9500542703858259,21
1942,FTP-BruteForce,0.6620850903051848,21
1943,DoS,1.0,80
1944,FTP-BruteForce,0.9848005294770812,21
1945,FTP-BruteForce,0.6620850903051848,21
1946,DoS,1.0,80
1947,DoS,1.0,80
1948,FTP-BruteForce,0.6620850903051848,21
1949,FTP-BruteForce,0.6620850903051848,21
1950,DoS,1.0,80
1951,DoS,0.6937027060776194,21
1952,FTP-BruteForce,0.9848005294770812,21
1953,FTP-BruteForce,0.9848005294770812,21
1954,FTP-BruteForce,0.9751553966039818,21
1955,DoS,0.6937027060776194,21
1956,DoS,0.6937027060776194,21
1957,FTP-BruteForce,0.6620850903051848,21
1958,DoS,1.0,80
1959,FTP-BruteForce,0.9848005294770812,21
1960,DoS,1.0,80
1961,FTP-BruteForce,0.8767828134146848,21
1962,DoS,0.6937027060776194,21
1963,FTP-BruteForce,0.6620850903051848,21
1964,FTP-BruteForce,0.6620850903051848,21
1965,DoS,1.0,80
1966,DoS,1.0,80
1967,DoS,1.0,80
1968,Benign,1.0,0
1969,DoS,1.0,80
1970,DoS,1.0,80
1971,FTP-BruteForce,0.6620850903051848,21
1972,FTP-BruteForce,0.6620850903051848,21
1973,FTP-BruteForce,0.8767828134146848,21
1974,DoS,1.0,80
1975,FTP-BruteForce,0.6620850903051848,21
1976,DoS,0.6937027060776194,21
1977,DoS,0.6937027060776194,21
1978,FTP-BruteForce,0.6620850903051848,21
1979,DoS,0.6937027060776194,21
1980,FTP-BruteForce,0.6620850903051848,21
1981,DoS,1.0,80
1982,FTP-BruteForce,0.5958629494324318,21
1983,DoS,1.0,80
1984,DoS,1.0,80
1985,FTP-BruteForce,0.9848005294770812,21
1986,FTP-BruteForce,0.9848005294770812,21
1987,FTP-BruteForce,0.9848005294770812,21
1988,FTP-BruteForce,0.6620850903051848,21
1989,FTP-BruteForce,0.6620850903051848,21
1990,FTP-BruteForce,0.6620850903051848,21
1991,FTP-BruteForce,0.7406538823713593,21
1992,FTP-BruteForce,0.6620850903051848,21
1993,FTP-BruteForce,0.6620850903051848,21
1994,FTP-BruteForce,0.9848005294770812,21
1995,Benign,1.0,51636
1996,FTP-BruteForce,0.5297378797511512,21
1997,FTP-BruteForce,0.6620850903051848,21
1998,DoS,1.0,80
1999,FTP-BruteForce,0.9848005294770812,21
2000,DoS,1.0,80
2001,FTP-BruteForce,0.6620850903051848,21
2002,FTP-BruteForce,0.6620850903051848,21
2003,FTP-BruteForce,0.6620850903051848,21
2004,DoS,1.0,80
2005,FTP-BruteForce,0.9848005294770812,21
2006,DoS,0.6937027060776194,21
2007,Benign,1.0,55698
2008,DoS,1.0,80
2009,DoS,0.6937027060776194,21
2010,DoS,0.6937027060776194,21
2011,DoS,0.6937027060776194,21
2012,DoS,1.0,80
2013,FTP-BruteForce,0.6620850903051848,21
2014,DoS,0.6937027060776194,21
2015,FTP-BruteForce,0.6620850903051848,21
2016,FTP-BruteForce,0.6620850903051848,21
2017,DoS,1.0,80
2018,FTP-BruteForce,0.9848005294770812,21
2019,DoS,0.6937027060776194,21
2020,FTP-BruteForce,0.9751553966039818,21
2021,FTP-BruteForce,0.9848005294770812,21
2022,FTP-BruteForce,0.6620850903051848,21
2023,DoS,1.0,80
2024,DoS,0.6937027060776194,21
2025,DoS,1.0,80
2026,FTP-BruteForce,0.6051291219825602,21
2027,FTP-BruteForce,0.6620850903051848,21
2028,FTP-BruteForce,0.6620850903051848,21
2029,DoS,1.0,80
2030,DoS,0.8263008454116811,21
2031,DoS,1.0,80
2032,DoS,1.0,80
2033,DoS,0.8263008454116811,21
2034,FTP-BruteForce,0.6620850903051848,21
2035,DoS,0.6937027060776194,21
2036,DoS,0.6937027060776194,21
2037,FTP-BruteForce,0.9848005294770812,21
2038,FTP-BruteForce,0.9848005294770812,21
2039,DoS,1.0,80
2040,DoS,0.6937027060776194,21
2041,FTP-BruteForce,0.6620850903051848,21
2042,DoS,1.0,80
2043,FTP-BruteForce,0.6620850903051848,21
2044,FTP-BruteForce,0.6620850903051848,21
2045,DoS,1.0,80
2046,DoS,0.94,80
2047,DoS,1.0,80
2048,DoS,0.6937027060776194,21
2049,DoS,1.0,80
2050,FTP-BruteForce,0.6620850903051848,21
2051,DoS,0.6937027060776194,21
2052,FTP-BruteForce,0.6620850903051848,21
2053,FTP-BruteForce,0.6620850903051848,21
2054,DoS,1.0,80
2055,DoS,0.8263008454116811,21
2056,FTP-BruteForce,0.9848005294770812,21
2057,FTP-BruteForce,0.6620850903051848,21
2058,FTP-BruteForce,0.6620850903051848,21
2059,FTP-BruteForce,0.6620850903051848,21
2060,FTP-BruteForce,0.9848005294770812,21
2061,FTP-BruteForce,0.9848005294770812,21
2062,DoS,1.0,80
2063,FTP-BruteForce,0.6620850903051848,21
2064,Benign,1.0,0
2065,DoS,1.0,80
2066,Benign,1.0,80
2067,DoS,1.0,80
2068,FTP-BruteForce,0.9848005294770812,21
2069,FTP-BruteForce,0.9500542703858259,21
2070,DoS,1.0,80
2071,DoS,1.0,80
2072,FTP-BruteForce,0.6620850903051848,21
2073,DoS,1.0,80
2074,FTP-BruteForce,0.6620850903051848,21
2075,FTP-BruteForce,0.6620850903051848,21
2076,FTP-BruteForce,0.6620850903051848,21
2077,DoS,1.0,80
2078,FTP-BruteForce,0.6620850903051848,21
2079,DoS,0.6937027060776194,21
2080,FTP-BruteForce,0.9848005294770812,21
2081,FTP-BruteForce,0.9848005294770812,21
2082,FTP-BruteForce,0.6620850903051848,21
2083,FTP-BruteForce,0.9751553966039818,21
2084,FTP-BruteForce,0.6620850903051848,21
2085,FTP-BruteForce,0.9848005294770812,21
2086,DoS,1.0,80
2087,FTP-BruteForce,0.9500542703858259,21
2088,DoS,1.0,80
2089,FTP-BruteForce,0.6620850903051848,21
2090,FTP-BruteForce,0.6620850903051848,21
2091,DoS,0.6937027060776194,21
2092,FTP-BruteForce,0.9751553966039818,21
2093,FTP-BruteForce,0.6620850903051848,21
2094,DoS,0.6937027060776194,21
2095,DoS,0.6937027060776194,21
2096,DoS,0.6937027060776194,21
2097,DoS,1.0,80
2098,FTP-BruteForce,0.6620850903051848,21
2099,FTP-BruteForce,0.6620850903051848,21
2100,DoS,1.0,80
2101,DoS,1.0,80
2102,FTP-BruteForce,0.6620850903051848,21
2103,DoS,0.6937027060776194,21
2104,DoS,1.0,80
2105,FTP-BruteForce,0.6620850903051848,21
2106,DoS,1.0,80
2107,FTP-BruteForce,0.6620850903051848,21
2108,FTP-BruteForce,0.6620850903051848,21
2109,FTP-BruteForce,0.9500542703858259,21
2110,FTP-BruteForce,0.6620850903051848,21
2111,FTP-BruteForce,0.6620850903051848,21
2112,DoS,1.0,80
2113,FTP-BruteForce,0.6620850903051848,21
2114,DoS,1.0,80
2115,DoS,0.6937027060776194,21
2116,DoS,1.0,80
2117,FTP-BruteForce,0.6620850903051848,21
2118,FTP-BruteForce,0.9848005294770812,21
2119,DoS,0.6937027060776194,21
2120,DoS,1.0,80
2121,FTP-BruteForce,0.6620850903051848,21
2122,DoS,0.6937027060776194,21
2123,FTP-BruteForce,0.6620850903051848,21
2124,DoS,0.6937027060776194,21
2125,FTP-BruteForce,0.6620850903051848,21
2126,FTP-BruteForce,0.9848005294770812,21
2127,DoS,1.0,80
2128,FTP-BruteForce,0.6620850903051848,21
2129,DoS,1.0,80
2130,FTP-BruteForce,0.6620850903051848,21
2131,DoS,0.921883874410459,21
2132,DoS,1.0,80
2133,FTP-BruteForce,0.6620850903051848,21
2134,DoS,1.0,80
2135,DoS,1.0,80
2136,FTP-BruteForce,0.9848005294770812,21
2137,FTP-BruteForce,0.9848005294770812,21
2138,DoS,1.0,80
2139,DoS,0.6937027060776194,21
2140,DoS,0.6937027060776194,21
2141,DoS,1.0,80
2142,DoS,0.6937027060776194,21
2143,DoS,1.0,80
2144,FTP-BruteForce,0.9848005294770812,21
2145,DoS,1.0,80
2146,DoS,1.0,80
2147,DoS,1.0,80
2148,FTP-BruteForce,0.6620850903051848,21
2149,FTP-BruteForce,0.5597865521285006,21
2150,FTP-BruteForce,0.6620850903051848,21
2151,FTP-BruteForce,0.9751553966039818,21
2152,DoS,0.6937027060776194,21
2153,FTP-BruteForce,0.6620850903051848,21
2154,FTP-BruteForce,0.6620850903051848,21
2155,FTP-BruteForce,0.6620850903051848,21
2156,FTP-BruteForce,0.6620850903051848,21
2157,DoS,1.0,80
2158,DoS,1.0,80
2159,DoS,1.0,80
2160,DoS,0.6937027060776194,21
2161,FTP-BruteForce,0.6620850903051848,21
2162,FTP-BruteForce,0.6620850903051848,21
2163,DoS,1.0,80
2164,FTP-BruteForce,0.9848005294770812,21
2165,FTP-BruteForce,0.6620850903051848,21
2166,FTP-BruteForce,0.6620850903051848,21
2167,Benign,1.0,0
2168,DoS,1.0,80
2169,FTP-BruteForce,0.9848005294770812,21
2170,FTP-BruteForce,0.5297378797511512,21
2171,FTP-BruteForce,0.5597865521285006,21
2172,DoS,1.0,80
2173,FTP-BruteForce,0.5958629494324318,21
2174,DoS,1.0,80
2175,DoS,1.0,80
2176,FTP-BruteForce,0.6620850903051848,21
2177,FTP-BruteForce,0.9848005294770812,21
2178,FTP-BruteForce,0.9848005294770812,21
2179,DoS,1.0,80
2180,DoS,0.6937027060776194,21
2181,FTP-BruteForce,0.5297378797511512,21
2182,FTP-BruteForce,0.6620850903051848,21
2183,FTP-BruteForce,0.6620850903051848,21
2184,FTP-BruteForce,0.932207067852074,21
2185,FTP-BruteForce,0.5297378797511512,21
2186,DoS,0.6937027060776194,21
2187,DoS,0.921883874410459,21
2188,DoS,1.0,80
2189,DoS,1.0,80
2190,DoS,1.0,80
2191,DoS,1.0,80
2192,DoS,1.0,80
2193,FTP-BruteForce,0.6620850903051848,21
2194,DoS,0.6937027060776194,21
2195,FTP-BruteForce,0.9848005294770812,21
2196,DoS,0.6937027060776194,21
2197,DoS,1.0,80
2198,FTP-BruteForce,0.6620850903051848,21
2199,FTP-BruteForce,0.6620850903051848,21
2200,FTP-BruteForce,0.6620850903051848,21
2201,FTP-BruteForce,0.6620850903051848,21
2202,DoS,1.0,80
2203,DoS,1.0,80
2204,FTP-BruteForce,0.9751553966039818,21
2205,FTP-BruteForce,0.6620850903051848,21
2206,DoS,1.0,80
2207,FTP-BruteForce,0.5508909601383664,21
2208,FTP-BruteForce,0.6620850903051848,21
2209,DoS,1.0,80
2210,DoS,0.8263008454116811,21
2211,FTP-BruteForce,0.9848005294770812,21
2212,DoS,0.6937027060776194,21
2213,DoS,0.6937027060776194,21
2214,DoS,0.6937027060776194,21
2215,FTP-BruteForce,0.5297378797511512,21
2216,FTP-BruteForce,0.6620850903051848,21
2217,DoS,1.0,80
2218,DoS,1.0,80
2219,FTP-BruteForce,0.5508909601383664,21
2220,FTP-BruteForce,0.6620850903051848,21
2221,DoS,1.0,80
2222,DoS,1.0,80
2223,FTP-BruteForce,0.6664258421908449,21
2224,DoS,0.6937027060776194,21
2225,DoS,0.6937027060776194,21
2226,FTP-BruteForce,0.9848005294770812,21
2227,FTP-BruteForce,0.9500542703858259,21
2228,FTP-BruteForce,0.6620850903051848,21
2229,DoS,1.0,80
2230,DoS,1.0,80
2231,DoS,1.0,80
2232,DoS,1.0,80
2233,FTP-BruteForce,0.6620850903051848,21
2234,DoS,1.0,80
2235,FTP-BruteForce,0.6620850903051848,21
2236,FTP-BruteForce,0.6620850903051848,21
2237,Benign,0.8,22
2238,DoS,1.0,80
2239,FTP-BruteForce,0.6620850903051848,21
2240,DoS,1.0,80
2241,FTP-BruteForce,0.6620850903051848,21
2242,FTP-BruteForce,0.6620850903051848,21
2243,DoS,1.0,21
2244,DoS,0.8263008454116811,21
2245,FTP-BruteForce,0.5297378797511512,21
2246,DoS,1.0,80
2247,DoS,1.0,80
2248,FTP-BruteForce,0.6620850903051848,21
2249,DoS,1.0,80
2250,DoS,1.0,80
2251,FTP-BruteForce,0.9848005294770812,21
2252,FTP-BruteForce,0.6620850903051848,21
2253,DoS,1.0,80
2254,DoS,1.0,80
2255,DoS,0.6937027060776194,21
2256,Benign,0.88,1178
2257,FTP-BruteForce,0.9848005294770812,21
2258,DoS,1.0,80
2259,FTP-BruteForce,0.6620850903051848,21
2260,FTP-BruteForce,0.5297378797511512,21
2261,FTP-BruteForce,0.6620850903051848,21
2262,FTP-BruteForce,0.9751553966039818,21
2263,DoS,1.0,80
2264,FTP-BruteForce,0.6664258421908449,21
2265,DoS,0.8263008454116811,21
2266,DoS,1.0,80
2267,DoS,0.8263008454116811,21
2268,FTP-BruteForce,0.6620850903051848,21
2269,FTP-BruteForce,0.6620850903051848,21
2270,DoS,1.0,80
2271,FTP-BruteForce,0.6620850903051848,21
2272,FTP-BruteForce,0.9500542703858259,21
2273,DoS,1.0,80
2274,DoS,1.0,80
2275,FTP-BruteForce,0.6620850903051848,21
2276,FTP-BruteForce,0.6620850903051848,21
2277,FTP-BruteForce,0.9848005294770812,21
2278,DoS,1.0,80
2279,DoS,1.0,80
2280,FTP-BruteForce,0.6620850903051848,21
2281,DoS,1.0,80
2282,FTP-BruteForce,0.6620850903051848,21
2283,DoS,0.6937027060776194,21
2284,FTP-BruteForce,0.6620850903051848,21
2285,DoS,1.0,80
2286,DoS,1.0,80
2287,DoS,0.6937027060776194,21
2288,FTP-BruteForce,0.6620850903051848,21
2289,FTP-BruteForce,0.6620850903051848,21
2290,DoS,1.0,80
2291,FTP-BruteForce,0.6620850903051848,21
2292,DoS,1.0,80
2293,DoS,0.6937027060776194,21
2294,DoS,1.0,80
2295,DoS,1.0,80
2296,DoS,1.0,80
2297,DoS,1.0,80
2298,FTP-BruteForce,0.6620850903051848,21
2299,FTP-BruteForce,0.6620850903051848,21
2300,DoS,1.0,80
2301,FTP-BruteForce,0.6620850903051848,21
2302,DoS,0.6937027060776194,21
2303,DoS,0.6937027060776194,21
2304,FTP-BruteForce,0.6620850903051848,21
2305,FTP-BruteForce,0.6620850903051848,21
2306,FTP-BruteForce,0.9848005294770812,21
2307,DoS,0.6937027060776194,21
2308,FTP-BruteForce,0.6620850903051848,21
2309,FTP-BruteForce,0.6620850903051848,21
2310,DoS,1.0,80
2311,FTP-BruteForce,0.6620850903051848,21
2312,FTP-BruteForce,0.6620850903051848,21
2313,DoS,1.0,80
2314,FTP-BruteForce,0.9848005294770812,21
2315,DoS,1.0,80
2316,FTP-BruteForce,0.6620850903051848,21
2317,DoS,1.0,80
2318,DoS,0.6937027060776194,21
2319,FTP-BruteForce,0.6620850903051848,21
2320,DoS,1.0,80
2321,DoS,1.0,80
2322,DoS,0.8263008454116811,21
2323,FTP-BruteForce,0.6620850903051848,21
2324,FTP-BruteForce,0.6620850903051848,21
2325,FTP-BruteForce,0.5297378797511512,21
2326,FTP-BruteForce,0.6620850903051848,21
2327,FTP-BruteForce,0.5297378797511512,21
2328,DoS,1.0,80
2329,DoS,1.0,80
2330,DoS,0.6937027060776194,21
2331,DoS,1.0,80
2332,FTP-BruteForce,0.6620850903051848,21
2333,DoS,1.0,80
2334,DoS,1.0,80
2335,FTP-BruteForce,0.6664258421908449,21
2336,FTP-BruteForce,0.6620850903051848,21
2337,FTP-BruteForce,0.6620850903051848,21
2338,FTP-BruteForce,0.9848005294770812,21
2339,FTP-BruteForce,0.9848005294770812,21
2340,FTP-BruteForce,0.6620850903051848,21
2341,DoS,0.7359295615602786,21
2342,DoS,1.0,80
2343,FTP-BruteForce,0.9848005294770812,21
2344,DoS,1.0,80
2345,FTP-BruteForce,0.6620850903051848,21
2346,DoS,1.0,80
2347,DoS,1.0,80
2348,FTP-BruteForce,0.6620850903051848,21
2349,DoS,1.0,80
2350,FTP-BruteForce,0.7924833274344096,21
2351,DoS,0.6937027060776194,21
2352,FTP-BruteForce,0.6620850903051848,21
2353,DoS,0.6937027060776194,21
2354,DoS,1.0,80
2355,FTP-BruteForce,0.9848005294770812,21
2356,FTP-BruteForce,0.6620850903051848,21
2357,FTP-BruteForce,0.9848005294770812,21
2358,FTP-BruteForce,0.9848005294770812,21
2359,DoS,0.6937027060776194,21
2360,Benign,1.0,0
2361,FTP-BruteForce,0.6620850903051848,21
2362,FTP-BruteForce,0.6620850903051848,21
2363,Benign,1.0,0
2364,DoS,1.0,80
2365,DoS,1.0,80
2366,DoS,1.0,80
2367,DoS,1.0,80
2368,FTP-BruteForce,0.6620850903051848,21
2369,DoS,1.0,80
2370,FTP-BruteForce,0.6620850903051848,21
2371,DoS,1.0,80
2372,DoS,1.0,80
2373,FTP-BruteForce,0.6620850903051848,21
2374,DoS,1.0,80
2375,DoS,0.6937027060776194,21
2376,FTP-BruteForce,0.9848005294770812,21
2377,DoS,1.0,80
2378,FTP-BruteForce,0.6620850903051848,21
2379,FTP-BruteForce,0.6620850903051848,21
2380,DoS,1.0,80
2381,DoS,1.0,80
2382,DoS,1.0,80
2383,FTP-BruteForce,0.6620850903051848,21
2384,FTP-BruteForce,0.6620850903051848,21
2385,DoS,1.0,80
2386,FTP-BruteForce,0.6620850903051848,21
2387,FTP-BruteForce,0.6620850903051848,21
2388,DoS,0.7985389314745673,21
2389,FTP-BruteForce,0.9848005294770812,21
2390,DoS,0.6937027060776194,21
2391,DoS,1.0,80
2392,FTP-BruteForce,0.6620850903051848,21
2393,DoS,0.8263008454116811,21
2394,FTP-BruteForce,0.6620850903051848,21
2395,DoS,0.6937027060776194,21
2396,DoS,0.7835975292832481,21
2397,Benign,1.0,0
2398,FTP-BruteForce,0.6620850903051848,21
2399,DoS,1.0,80
2400,FTP-BruteForce,0.9500542703858259,21
2401,DoS,1.0,80
2402,DoS,1.0,80
2403,DoS,1.0,80
2404,FTP-BruteForce,0.6620850903051848,21
2405,DoS,0.6937027060776194,21
2406,DoS,1.0,80
2407,DoS,0.6937027060776194,21
2408,FTP-BruteForce,0.6620850903051848,21
2409,DoS,1.0,80
2410,DoS,1.0,80
2411,DoS,0.6937027060776194,21
2412,DoS,1.0,80
2413,DoS,1.0,80
2414,FTP-BruteForce,0.6620850903051848,21
2415,DoS,1.0,80
2416,DoS,1.0,80
2417,FTP-BruteForce,0.7924833274344096,21
2418,DoS,1.0,80
2419,DoS,1.0,80
2420,FTP-BruteForce,0.6620850903051848,21
2421,DoS,0.6937027060776194,21
2422,DoS,0.6937027060776194,21
2423,DoS,0.6937027060776194,21
2424,DoS,1.0,80
2425,FTP-BruteForce,0.6620850903051848,21
2426,DoS,1.0,80
2427,DoS,0.8263008454116811,21
2428,FTP-BruteForce,0.6620850903051848,21
2429,FTP-BruteForce,0.6620850903051848,21
2430,DoS,0.6937027060776194,21
2431,DoS,1.0,80
2432,DoS,1.0,80
2433,DoS,0.6937027060776194,21
2434,FTP-BruteForce,0.6620850903051848,21
2435,DoS,1.0,80
2436,FTP-BruteForce,0.9848005294770812,21
2437,FTP-BruteForce,0.6620850903051848,21
2438,FTP-BruteForce,0.5297378797511512,21
2439,DoS,1.0,80
2440,DoS,1.0,80
2441,DoS,1.0,80
2442,FTP-BruteForce,0.9848005294770812,21
2443,FTP-BruteForce,0.6620850903051848,21
2444,FTP-BruteForce,0.6620850903051848,21
2445,DoS,1.0,80
2446,FTP-BruteForce,0.6620850903051848,21
2447,FTP-BruteForce,0.6620850903051848,21
2448,FTP-BruteForce,0.6620850903051848,21
2449,FTP-BruteForce,0.9848005294770812,21
2450,FTP-BruteForce,0.6620850903051848,21
2451,Benign,1.0,22
2452,FTP-BruteForce,0.6620850903051848,21
2453,DoS,0.6937027060776194,21
2454,DoS,1.0,80
2455,FTP-BruteForce,0.6620850903051848,21
2456,FTP-BruteForce,0.6620850903051848,21
2457,DoS,1.0,80
2458,FTP-BruteForce,0.6620850903051848,21
2459,DoS,0.7835975292832481,21
2460,DoS,0.7835975292832481,21
2461,FTP-BruteForce,0.6620850903051848,21
2462,DoS,1.0,80
2463,FTP-BruteForce,0.6620850903051848,21
2464,DoS,1.0,80
2465,DoS,1.0,80
2466,DoS,1.0,80
2467,DoS,0.6937027060776194,21
2468,FTP-BruteForce,0.9848005294770812,21
2469,FTP-BruteForce,0.6620850903051848,21
2470,FTP-BruteForce,0.9848005294770812,21
2471,FTP-BruteForce,0.9848005294770812,21
2472,DoS,1.0,80
2473,FTP-BruteForce,0.6620850903051848,21
2474,FTP-BruteForce,0.6620850903051848,21
2475,DoS,1.0,80
2476,FTP-BruteForce,0.9751553966039818,21
2477,DoS,1.0,80
2478,FTP-BruteForce,0.6620850903051848,21
2479,DoS,1.0,80
2480,DoS,0.7835975292832481,21
2481,DoS,1.0,80
2482,DoS,1.0,80
2483,FTP-BruteForce,0.6620850903051848,21
2484,FTP-BruteForce,0.6620850903051848,21
2485,FTP-BruteForce,0.6620850903051848,21
2486,FTP-BruteForce,0.6620850903051848,21
2487,FTP-BruteForce,0.6664258421908449,21
2488,DoS,0.6937027060776194,21
2489,Benign,1.0,67
2490,DoS,1.0,80
2491,Benign,0.9,9984
2492,DoS,0.6937027060776194,21
2493,DoS,0.7835975292832481,21
2494,FTP-BruteForce,0.6664258421908449,21
2495,FTP-BruteForce,0.9848005294770812,21
2496,FTP-BruteForce,0.9848005294770812,21
2497,DoS,0.6937027060776194,21
2498,FTP-BruteForce,0.9848005294770812,21
2499,FTP-BruteForce,0.6620850903051848,21
2500,DoS,1.0,80
2501,DoS,1.0,80
2502,FTP-BruteForce,0.6620850903051848,21
2503,FTP-BruteForce,0.9848005294770812,21
2504,FTP-BruteForce,0.9848005294770812,21
2505,FTP-BruteForce,0.9848005294770812,21
2506,DoS,1.0,80
2507,FTP-BruteForce,0.6620850903051848,21
2508,DoS,1.0,80
2509,DoS,0.6937027060776194,21
2510,Benign,1.0,40298
2511,FTP-BruteForce,0.6620850903051848,21
2512,DoS,0.6937027060776194,21
2513,DoS,1.0,80
2514,FTP-BruteForce,0.6620850903051848,21
2515,DoS,1.0,80
2516,DoS,1.0,80
2517,FTP-BruteForce,0.9848005294770812,21
2518,FTP-BruteForce,0.6620850903051848,21
2519,FTP-BruteForce,0.9848005294770812,21
2520,FTP-BruteForce,0.6620850903051848,21
2521,DoS,1.0,80
2522,DoS,1.0,80
2523,DoS,0.7835975292832481,21
2524,FTP-BruteForce,0.9500542703858259,21
2525,DoS,1.0,80
2526,DoS,0.6937027060776194,21
2527,FTP-BruteForce,0.9848005294770812,21
2528,DoS,1.0,80
2529,FTP-BruteForce,0.9848005294770812,21
2530,FTP-BruteForce,0.6620850903051848,21
2531,DoS,1.0,80
2532,FTP-BruteForce,0.6620850903051848,21
2533,FTP-BruteForce,0.6620850903051848,21
2534,Benign,1.0,0
2535,FTP-BruteForce,0.6620850903051848,21
2536,FTP-BruteForce,0.6620850903051848,21
2537,FTP-BruteForce,0.506456180803433,21
2538,DoS,1.0,80
2539,DoS,1.0,80
2540,FTP-BruteForce,0.6620850903051848,21
2541,DoS,0.6937027060776194,21
2542,DoS,0.6937027060776194,21
2543,DoS,1.0,80
2544,DoS,1.0,80
2545,FTP-BruteForce,0.9848005294770812,21
2546,DoS,1.0,80
2547,DoS,0.6937027060776194,21
2548,FTP-BruteForce,0.9848005294770812,21
2549,FTP-BruteForce,0.6620850903051848,21
2550,DoS,1.0,80
2551,DoS,1.0,80
2552,FTP-BruteForce,0.9848005294770812,21
2553,FTP-BruteForce,0.6620850903051848,21
2554,DoS,1.0,80
2555,FTP-BruteForce,0.6620850903051848,21
2556,FTP-BruteForce,0.6620850903051848,21
2557,DoS,0.6937027060776194,21
2558,FTP-BruteForce,0.6620850903051848,21
2559,FTP-BruteForce,0.6620850903051848,21
2560,FTP-BruteForce,0.6620850903051848,21
2561,FTP-BruteForce,0.6620850903051848,21
2562,DoS,0.6937027060776194,21
2563,FTP-BruteForce,0.6620850903051848,21
2564,DoS,1.0,80
2565,FTP-BruteForce,0.9848005294770812,21
2566,DoS,0.6937027060776194,21
2567,DoS,1.0,80
2568,DoS,1.0,80
2569,FTP-BruteForce,0.6620850903051848,21
2570,DoS,0.6937027060776194,21
2571,FTP-BruteForce,0.506456180803433,21
2572,DoS,1.0,80
2573,DoS,1.0,80
2574,FTP-BruteForce,0.9848005294770812,21
2575,DoS,1.0,80
2576,DoS,1.0,80
2577,FTP-BruteForce,0.9848005294770812,21
2578,FTP-BruteForce,0.9848005294770812,21
2579,FTP-BruteForce,0.9848005294770812,21
2580,FTP-BruteForce,0.6051291219825602,21
2581,DoS,0.6937027060776194,21
2582,FTP-BruteForce,0.6620850903051848,21
2583,FTP-BruteForce,0.6620850903051848,21
2584,DoS,0.6937027060776194,21
2585,FTP-BruteForce,0.6620850903051848,21
2586,DoS,1.0,80
2587,FTP-BruteForce,0.6620850903051848,21
2588,DoS,0.6937027060776194,21
2589,DoS,1.0,80
2590,DoS,1.0,80
2591,DoS,0.6937027060776194,21
2592,FTP-BruteForce,0.9848005294770812,21
2593,FTP-BruteForce,0.5297378797511512,21
2594,FTP-BruteForce,0.6620850903051848,21
2595,DoS,1.0,80
2596,FTP-BruteForce,0.6620850903051848,21
2597,FTP-BruteForce,0.6620850903051848,21
2598,DoS,0.7094941497617983,21
2599,FTP-BruteForce,0.6620850903051848,21
2600,DoS,0.6937027060776194,21
2601,FTP-BruteForce,0.6620850903051848,21
2602,DoS,1.0,80
2603,FTP-BruteForce,0.6620850903051848,21
2604,FTP-BruteForce,0.9848005294770812,21
2605,DoS,0.7835975292832481,21
2606,DoS,0.6937027060776194,21
2607,FTP-BruteForce,0.6620850903051848,21
2608,DoS,1.0,80
2609,FTP-BruteForce,0.6620850903051848,21
2610,DoS,0.921883874410459,21
2611,DoS,0.7673176396924793,21
2612,Benign,1.0,0
2613,DoS,1.0,80
2614,DoS,1.0,80
2615,FTP-BruteForce,0.6620850903051848,21
2616,DoS,1.0,80
2617,DoS,0.6937027060776194,21
2618,DoS,1.0,80
2619,FTP-BruteForce,0.9848005294770812,21
2620,FTP-BruteForce,0.6620850903051848,21
2621,DoS,0.6937027060776194,21
2622,DoS,0.6937027060776194,21
2623,FTP-BruteForce,0.6620850903051848,21
2624,DoS,1.0,80
2625,FTP-BruteForce,0.5597865521285006,21
2626,DoS,1.0,80
2627,DoS,1.0,80
2628,DoS,0.6937027060776194,21
2629,DoS,1.0,80
2630,DoS,0.6937027060776194,21
2631,DoS,0.6937027060776194,21
2632,FTP-BruteForce,0.6620850903051848,21
2633,FTP-BruteForce,0.9848005294770812,21
2634,FTP-BruteForce,0.6620850903051848,21
2635,DoS,1.0,80
2636,FTP-BruteForce,0.9848005294770812,21
2637,DoS,1.0,80
2638,DoS,0.6937027060776194,21
2639,FTP-BruteForce,0.9848005294770812,21
2640,DoS,0.6937027060776194,21
2641,FTP-BruteForce,0.9848005294770812,21
2642,FTP-BruteForce,0.6620850903051848,21
2643,FTP-BruteForce,0.6620850903051848,21
2644,DoS,0.8263008454116811,21
2645,DoS,1.0,80
2646,FTP-BruteForce,0.6620850903051848,21
2647,FTP-BruteForce,0.9848005294770812,21
2648,FTP-BruteForce,0.6620850903051848,21
2649,FTP-BruteForce,0.9848005294770812,21
2650,FTP-BruteForce,0.6620850903051848,21
2651,DoS,1.0,80
2652,DoS,1.0,80
2653,DoS,1.0,80
2654,FTP-BruteForce,0.6620850903051848,21
2655,DoS,0.6937027060776194,21
2656,FTP-BruteForce,0.6620850903051848,21
2657,FTP-BruteForce,0.9848005294770812,21
2658,DoS,1.0,80
2659,FTP-BruteForce,0.6620850903051848,21
2660,FTP-BruteForce,0.6620850903051848,21
2661,FTP-BruteForce,0.6620850903051848,21
2662,FTP-BruteForce,0.6620850903051848,21
2663,FTP-BruteForce,0.6051291219825602,21
2664,DoS,1.0,80
2665,FTP-BruteForce,0.9848005294770812,21
2666,DoS,1.0,80
2667,DoS,0.6937027060776194,21
2668,DoS,1.0,80
2669,Benign,1.0,0
2670,FTP-BruteForce,0.6620850903051848,21
2671,DoS,0.7835975292832481,21
2672,DoS,0.6937027060776194,21
2673,DoS,1.0,80
2674,DoS,1.0,80
2675,FTP-BruteForce,0.6620850903051848,21
2676,FTP-BruteForce,0.9848005294770812,21
2677,FTP-BruteForce,0.6620850903051848,21
2678,DoS,1.0,80
2679,DoS,1.0,80
2680,DoS,1.0,80
2681,FTP-BruteForce,0.9848005294770812,21
2682,FTP-BruteForce,0.7187106943499296,21
2683,DoS,1.0,80
2684,DoS,1.0,80
2685,DoS,1.0,80
2686,DoS,1.0,80
2687,DoS,0.6937027060776194,21
2688,Benign,1.0,0
2689,FTP-BruteForce,0.6620850903051848,21
2690,DoS,0.6937027060776194,21
2691,FTP-BruteForce,0.5297378797511512,21
2692,DoS,1.0,80
2693,DoS,0.6937027060776194,21
2694,DoS,1.0,80
2695,FTP-BruteForce,0.6620850903051848,21
2696,FTP-BruteForce,0.6620850903051848,21
2697,FTP-BruteForce,0.9848005294770812,21
2698,DoS,1.0,80
2699,FTP-BruteForce,0.6620850903051848,21
2700,DoS,1.0,80
2701,FTP-BruteForce,0.5297378797511512,21
2702,FTP-BruteForce,0.6620850903051848,21
2703,FTP-BruteForce,0.9848005294770812,21
2704,DoS,1.0,80
2705,FTP-BruteForce,0.5297378797511512,21
2706,DoS,0.6937027060776194,21
2707,DoS,0.6937027060776194,21
2708,DoS,0.6937027060776194,21
2709,DoS,1.0,80
2710,DoS,1.0,80
2711,DoS,0.6937027060776194,21
2712,FTP-BruteForce,0.6620850903051848,21
2713,DoS,1.0,80
2714,DoS,1.0,80
2715,DoS,1.0,80
2716,FTP-BruteForce,0.6620850903051848,21
2717,DoS,1.0,80
2718,FTP-BruteForce,0.9848005294770812,21
2719,DoS,0.7835975292832481,21
2720,FTP-BruteForce,0.6620850903051848,21
2721,DoS,1.0,21
2722,FTP-BruteForce,0.9848005294770812,21
2723,FTP-BruteForce,0.9624669911664534,21
2724,DoS,1.0,80
2725,DoS,1.0,80
2726,FTP-BruteForce,0.6620850903051848,21
2727,FTP-BruteForce,0.6620850903051848,21
2728,DoS,1.0,80
2729,FTP-BruteForce,0.9848005294770812,21
2730,DoS,0.8053938258392956,21
2731,DoS,0.7356568291616375,21
2732,FTP-BruteForce,0.6620850903051848,21
2733,DoS,1.0,80
2734,DoS,0.7985389314745673,21
2735,FTP-BruteForce,0.6620850903051848,21
2736,FTP-BruteForce,0.6664258421908449,21
2737,FTP-BruteForce,0.6620850903051848,21
2738,DoS,0.6937027060776194,21
2739,DoS,1.0,80
2740,DoS,0.7835975292832481,21
2741,FTP-BruteForce,0.6620850903051848,21
2742,DoS,1.0,80
2743,FTP-BruteForce,0.6620850903051848,21
2744,DoS,0.6937027060776194,21
2745,DoS,1.0,80
2746,FTP-BruteForce,0.6664258421908449,21
2747,FTP-BruteForce,0.6620850903051848,21
2748,DoS,0.6937027060776194,21
2749,DoS,1.0,80
2750,DoS,0.6937027060776194,21
2751,DoS,1.0,80
2752,DoS,1.0,80
2753,FTP-BruteForce,0.9848005294770812,21
2754,FTP-BruteForce,0.6620850903051848,21
2755,FTP-BruteForce,0.6620850903051848,21
2756,DoS,1.0,80
2757,DoS,1.0,80
2758,DoS,1.0,80
2759,DoS,1.0,80
2760,FTP-BruteForce,0.6620850903051848,21
2761,DoS,1.0,80
2762,FTP-BruteForce,0.6620850903051848,21
2763,FTP-BruteForce,0.6620850903051848,21
2764,FTP-BruteForce,0.6620850903051848,21
2765,DoS,0.713040536400178,21
2766,FTP-BruteForce,0.6620850903051848,21
2767,FTP-BruteForce,0.6620850903051848,21
2768,DoS,0.7835975292832481,21
2769,DoS,0.8263008454116811,21
2770,FTP-BruteForce,0.6620850903051848,21
2771,FTP-BruteForce,0.6620850903051848,21
2772,DoS,1.0,80
2773,DoS,1.0,80
2774,DoS,1.0,80
2775,FTP-BruteForce,0.9848005294770812,21
2776,DoS,1.0,80
2777,FTP-BruteForce,0.9848005294770812,21
2778,DoS,1.0,80
2779,DoS,1.0,80
2780,DoS,1.0,80
2781,DoS,1.0,80
2782,DoS,0.6937027060776194,21
2783,DoS,1.0,80
2784,DoS,1.0,80
2785,FTP-BruteForce,0.9848005294770812,21
2786,FTP-BruteForce,0.6620850903051848,21
2787,DoS,0.7835975292832481,21
2788,FTP-BruteForce,0.6620850903051848,21
2789,DoS,1.0,80
2790,FTP-BruteForce,0.6664258421908449,21
2791,FTP-BruteForce,0.6620850903051848,21
2792,DoS,1.0,80
2793,DoS,1.0,80
2794,FTP-BruteForce,0.6620850903051848,21
2795,FTP-BruteForce,0.6620850903051848,21
2796,FTP-BruteForce,0.5297378797511512,21
2797,DoS,0.6937027060776194,21
2798,DoS,1.0,80
2799,FTP-BruteForce,0.9848005294770812,21
2800,DoS,1.0,80
2801,FTP-BruteForce,0.6620850903051848,21
2802,DoS,1.0,80
2803,DoS,1.0,80
2804,DoS,1.0,80
2805,FTP-BruteForce,0.6620850903051848,21
2806,FTP-BruteForce,0.6620850903051848,21
2807,DoS,0.6937027060776194,21
2808,DoS,1.0,80
2809,DoS,1.0,80
2810,DoS,1.0,80
2811,DoS,0.8263008454116811,21
2812,FTP-BruteForce,0.6620850903051848,21
2813,FTP-BruteForce,0.6620850903051848,21
2814,FTP-BruteForce,0.5297378797511512,21
2815,DoS,1.0,80
2816,FTP-BruteForce,0.9848005294770812,21
2817,DoS,1.0,80
2818,DoS,1.0,80
2819,FTP-BruteForce,0.6620850903051848,21
2820,FTP-BruteForce,0.6620850903051848,21
2821,DoS,1.0,80
2822,DoS,0.6937027060776194,21
2823,DoS,0.8053938258392956,21
2824,DoS,1.0,80
2825,FTP-BruteForce,0.6620850903051848,21
2826,DoS,1.0,80
2827,DoS,1.0,80
2828,DoS,1.0,80
2829,FTP-BruteForce,0.9848005294770812,21
2830,DoS,1.0,80
2831,FTP-BruteForce,0.5297378797511512,21
2832,DoS,0.6937027060776194,21
2833,FTP-BruteForce,0.6620850903051848,21
2834,FTP-BruteForce,0.9848005294770812,21
2835,FTP-BruteForce,0.6620850903051848,21
2836,DoS,1.0,80
2837,DoS,1.0,80
2838,FTP-BruteForce,0.9848005294770812,21
2839,DoS,1.0,80
2840,FTP-BruteForce,0.9848005294770812,21
2841,DoS,1.0,80
2842,DoS,1.0,80
2843,DoS,1.0,80
2844,FTP-BruteForce,0.6620850903051848,21
2845,FTP-BruteForce,0.6620850903051848,21
2846,DoS,0.6937027060776194,21
2847,FTP-BruteForce,0.6620850903051848,21
2848,DoS,1.0,80
2849,FTP-BruteForce,0.9848005294770812,21
2850,DoS,1.0,80
2851,DoS,0.6937027060776194,21
2852,DoS,1.0,80
2853,DoS,1.0,80
2854,DoS,0.6937027060776194,21
2855,DoS,1.0,80
2856,FTP-BruteForce,0.5597865521285006,21
2857,DoS,0.6937027060776194,21
2858,DoS,1.0,80
2859,FTP-BruteForce,0.5297378797511512,21
2860,DoS,0.6937027060776194,21
2861,FTP-BruteForce,0.5297378797511512,21
2862,FTP-BruteForce,0.6620850903051848,21
2863,DoS,1.0,80
2864,DoS,0.6937027060776194,21
2865,DoS,1.0,80
2866,DoS,0.6937027060776194,21
2867,FTP-BruteForce,0.6620850903051848,21
2868,FTP-BruteForce,0.6620850903051848,21
2869,DoS,0.6937027060776194,21
2870,DoS,0.6937027060776194,21
2871,FTP-BruteForce,0.6620850903051848,21
2872,DoS,1.0,80
2873,FTP-BruteForce,0.6620850903051848,21
2874,FTP-BruteForce,0.9848005294770812,21
2875,DoS,1.0,80
2876,DoS,0.6937027060776194,21
2877,FTP-BruteForce,0.6620850903051848,21
2878,DoS,1.0,80
2879,DoS,1.0,80
2880,DoS,1.0,80
2881,FTP-BruteForce,0.6620850903051848,21
2882,DoS,1.0,80
2883,FTP-BruteForce,0.9848005294770812,21
2884,DoS,1.0,80
2885,DoS,1.0,80
2886,FTP-BruteForce,0.9848005294770812,21
2887,DoS,1.0,80
2888,Benign,1.0,0
2889,DoS,1.0,80
2890,FTP-BruteForce,0.9848005294770812,21
2891,FTP-BruteForce,0.6620850903051848,21
2892,FTP-BruteForce,0.9848005294770812,21
2893,FTP-BruteForce,0.6620850903051848,21
2894,DoS,1.0,80
2895,DoS,1.0,80
2896,DoS,1.0,80
2897,FTP-BruteForce,0.9848005294770812,21
2898,FTP-BruteForce,0.6620850903051848,21
2899,FTP-BruteForce,0.6620850903051848,21
2900,FTP-BruteForce,0.6620850903051848,21
2901,FTP-BruteForce,0.6620850903051848,21
2902,DoS,1.0,80
2903,FTP-BruteForce,0.6620850903051848,21
2904,FTP-BruteForce,0.6620850903051848,21
2905,DoS,0.6937027060776194,21
2906,DoS,1.0,80
2907,DoS,1.0,80
2908,DoS,1.0,80
2909,DoS,1.0,80
2910,DoS,1.0,80
2911,FTP-BruteForce,0.6620850903051848,21
2912,DoS,0.7835975292832481,21
2913,FTP-BruteForce,0.6620850903051848,21
2914,DoS,1.0,80
2915,FTP-BruteForce,0.9848005294770812,21
2916,DoS,1.0,80
2917,FTP-BruteForce,0.7924833274344096,21
2918,DoS,1.0,80
2919,FTP-BruteForce,0.6620850903051848,21
2920,DoS,1.0,80
2921,Benign,1.0,0
2922,DoS,1.0,80
2923,FTP-BruteForce,0.6620850903051848,21
2924,FTP-BruteForce,0.6620850903051848,21
2925,FTP-BruteForce,0.6620850903051848,21
2926,FTP-BruteForce,0.6620850903051848,21
2927,DoS,0.6937027060776194,21
2928,FTP-BruteForce,0.9848005294770812,21
2929,FTP-BruteForce,0.9848005294770812,21
2930,FTP-BruteForce,0.9848005294770812,21
2931,DoS,1.0,80
2932,DoS,1.0,80
2933,FTP-BruteForce,0.6620850903051848,21
2934,DoS,1.0,80
2935,FTP-BruteForce,0.9848005294770812,21
2936,FTP-BruteForce,0.6620850903051848,21
2937,DoS,1.0,80
2938,FTP-BruteForce,0.6620850903051848,21
2939,FTP-BruteForce,0.6620850903051848,21
2940,FTP-BruteForce,0.6620850903051848,21
2941,DoS,1.0,80
2942,FTP-BruteForce,0.6620850903051848,21
2943,FTP-BruteForce,0.9751553966039818,21
2944,FTP-BruteForce,0.6620850903051848,21
2945,FTP-BruteForce,0.6620850903051848,21
2946,DoS,1.0,80
2947,DoS,0.6937027060776194,21
2948,DoS,1.0,80
2949,DoS,0.6937027060776194,21
2950,DoS,1.0,80
2951,DoS,1.0,80
2952,DoS,0.6937027060776194,21
2953,DoS,1.0,80
2954,FTP-BruteForce,0.5508909601383664,21
2955,FTP-BruteForce,0.5297378797511512,21
2956,DoS,0.6937027060776194,21
2957,FTP-BruteForce,0.6620850903051848,21
2958,DoS,0.6937027060776194,21
2959,FTP-BruteForce,0.6620850903051848,21
2960,DoS,0.6937027060776194,21
2961,FTP-BruteForce,0.9848005294770812,21
2962,FTP-BruteForce,0.9500542703858259,21
2963,FTP-BruteForce,0.5297378797511512,21
2964,FTP-BruteForce,0.7924833274344096,21
2965,DoS,1.0,80
2966,FTP-BruteForce,0.506456180803433,21
2967,FTP-BruteForce,0.9848005294770812,21
2968,FTP-BruteForce,0.6664258421908449,21
2969,DoS,1.0,80
2970,FTP-BruteForce,0.6620850903051848,21
2971,FTP-BruteForce,0.6620850903051848,21
2972,DoS,1.0,80
2973,DoS,0.6937027060776194,21
2974,DoS,0.7835975292832481,21
2975,DoS,1.0,80
2976,DoS,1.0,80
2977,DoS,0.6937027060776194,21
2978,FTP-BruteForce,0.6620850903051848,21
2979,DoS,1.0,80
2980,Benign,1.0,0
2981,DoS,0.6937027060776194,21
2982,DoS,1.0,80
2983,DoS,1.0,80
2984,FTP-BruteForce,0.6620850903051848,21
2985,FTP-BruteForce,0.6620850903051848,21
2986,DoS,0.6937027060776194,21
2987,DoS,0.6937027060776194,21
2988,FTP-BruteForce,0.9848005294770812,21
2989,FTP-BruteForce,0.9848005294770812,21
2990,FTP-BruteForce,0.9848005294770812,21
2991,FTP-BruteForce,0.6620850903051848,21
2992,DoS,0.6937027060776194,21
2993,DoS,0.6937027060776194,21
2994,DoS,1.0,80
2995,FTP-BruteForce,0.6620850903051848,21
2996,DoS,1.0,80
2997,DoS,0.6937027060776194,21
2998,FTP-BruteForce,0.6664258421908449,21
2999,FTP-BruteForce,0.6620850903051848,21
3000,DoS,1.0,80
